,Company,Inches,Ram,Gpu,Price,display,processor,HDD,SSD
0,Apple,13.3,8,other,71378.6832,ips,i5,0,128
1,Apple,13.3,8,other,47895.5232,other,i5,0,0
2,HP,15.6,8,Intel HD Graphics 620,30636.0,full hd,i5,0,256
3,Apple,15.4,16,other,135195.33599999998,ips,i7,0,512
4,Apple,13.3,8,other,96095.808,ips,i5,0,256
5,Acer,15.6,4,AMD Radeon R5,21312.0,other,amd processor,500,0
6,Apple,15.4,16,other,114017.6016,ips,i7,0,0
7,Apple,13.3,8,other,61735.536,other,i5,0,0
8,Asus,14.0,16,Nvidia GeForce MX150,79653.59999999999,full hd,i7,0,512
9,Acer,14.0,8,Intel UHD Graphics 620,41025.6,ips,i5,0,256
10,HP,15.6,4,Intel HD Graphics 620,20986.992,other,i5,500,0
11,HP,15.6,4,Intel HD Graphics 520,18381.0672,full hd,i3,500,0
12,Apple,15.4,16,other,130001.6016,ips,i7,0,256
13,Dell,15.6,4,AMD Radeon R5 M430,26581.392,full hd,i3,0,256
14,Apple,12.0,8,Intel HD Graphics 615,67260.672,ips,other intel processor,0,256
15,Apple,13.3,8,other,80908.344,ips,i5,0,256
16,Dell,15.6,8,AMD Radeon R5 M430,39693.6,full hd,i7,0,256
17,Apple,15.4,16,other,152274.24,ips,i7,0,512
18,Lenovo,15.6,8,Nvidia GeForce 940MX,26586.72,full hd,i3,1000,0
19,Dell,13.3,8,Intel UHD Graphics 620,52161.12,ips,i5,0,128
20,Asus,11.6,2,Intel HD Graphics 400,10224.432,other,other intel processor,0,0
21,Lenovo,15.6,8,Nvidia GeForce GTX 1050,53226.72,ips,i5,1000,128
22,HP,15.6,4,other,13746.24,other,amd processor,500,0
23,Dell,13.3,8,Intel UHD Graphics 620,43636.32,full hd,i5,0,256
24,HP,15.6,8,Intel HD Graphics 620,35111.52,full hd,i7,0,256
25,Dell,15.6,4,Intel HD Graphics 520,22305.1392,other,i3,1000,0
26,Apple,13.3,8,other,58554.72,other,i5,0,0
27,Dell,15.6,8,AMD Radeon 530,42624.0,full hd,i5,0,256
28,Dell,15.6,8,Intel UHD Graphics 620,69157.44,full hd,i7,0,512
29,HP,17.3,8,Nvidia GeForce 930MX,47738.88,full hd,i5,1000,0
30,Chuwi,15.6,4,Intel HD Graphics,13053.0672,full hd,other intel processor,0,0
31,Asus,14.0,2,other,10602.72,other,amd processor,0,0
32,HP,17.3,4,AMD Radeon 530,23389.92,full hd,amd processor,500,0
33,Dell,13.3,16,Intel UHD Graphics 620,99580.32,touch screen,i7,0,512
34,Apple,13.3,8,other,53173.44,other,i5,0,0
35,Lenovo,14.0,4,Intel HD Graphics 500,13266.72,other,other intel processor,0,0
36,Acer,15.6,4,Intel HD Graphics 620,19553.76,other,i3,1000,0
37,Dell,17.3,8,AMD Radeon 530,52161.12,ips,i5,1000,128
38,HP,15.6,4,Intel HD Graphics 620,26037.4032,other,i5,1000,0
39,HP,15.6,8,other,46833.12,full hd,i5,0,256
40,Asus,15.6,4,Intel HD Graphics 620,20725.92,full hd,i3,1000,0
41,Dell,15.6,16,Nvidia GeForce GTX 1060,79866.72,ips,i7,1000,256
42,Asus,15.6,8,Nvidia GeForce 940MX,27864.9072,other,i5,1000,0
43,Acer,15.6,4,Intel UHD Graphics 620,36336.96,ips,i5,0,256
44,Dell,17.3,12,other,53226.72,full hd,i5,1000,0
45,Apple,13.3,8,other,75604.31999999999,ips,i5,0,256
46,Lenovo,15.6,4,Intel HD Graphics 520,19660.32,other,i3,0,128
47,Asus,17.3,8,other,69210.72,full hd,amd processor,1000,256
48,Dell,15.6,4,AMD Radeon R5 M430,34045.92,full hd,i5,0,256
49,Asus,17.3,4,Nvidia GeForce 920MX,24828.48,other,other intel processor,1000,0
50,Lenovo,10.1,4,Intel HD Graphics 400,16996.32,ips,other intel processor,0,0
51,Acer,15.6,8,Nvidia GeForce MX150,44808.48,ips,i7,0,256
52,HP,15.6,4,other,21231.5472,full hd,amd processor,0,256
53,HP,13.3,8,Intel UHD Graphics 620,58767.84,full hd,i7,0,512
54,Acer,15.6,4,Intel HD Graphics 620,20459.52,other,i3,1000,0
55,Dell,15.6,8,AMD Radeon 520,40908.384,full hd,i7,0,256
56,HP,15.6,4,Intel HD Graphics 520,23389.92,full hd,i3,0,128
57,Asus,15.6,4,Intel HD Graphics 620,31232.203200000004,other,i5,0,256
58,MSI,17.3,16,Nvidia GeForce GTX 1070,130482.72,full hd,i7,2000,256
59,Asus,15.6,4,Intel HD Graphics 520,22111.2,full hd,i3,0,256
60,Dell,17.3,16,AMD Radeon 530,69210.72,full hd,i7,2000,256
61,Dell,14.0,8,Intel UHD Graphics 620,46833.12,full hd,i5,0,256
62,Lenovo,14.0,8,Intel HD Graphics 620,31914.72,ips,i3,0,256
63,Asus,14.0,8,Intel UHD Graphics 620,50136.48,full hd,i5,0,256
64,HP,15.6,8,Intel HD Graphics 620,36763.2,full hd,i5,0,256
65,Asus,15.6,16,Nvidia GeForce GTX 1050 Ti,105654.24,full hd,i7,0,512
66,HP,15.6,4,AMD Radeon 520,23373.4032,other,i3,500,0
67,HP,14.0,4,Intel HD Graphics 400,12201.12,other,other intel processor,0,32
68,Lenovo,15.6,4,Intel HD Graphics 620,29250.72,full hd,i5,1000,0
69,Asus,17.3,12,Nvidia GeForce GTX 1050 Ti,50562.72,full hd,i7,1000,0
70,Microsoft,13.5,4,Intel HD Graphics 620,58021.92,touch screen,i5,0,128
71,Dell,13.3,8,AMD Radeon 530,50882.4,ips,i7,0,256
72,Dell,15.6,8,AMD Radeon 530,46353.6,full hd,i7,0,256
73,MSI,17.3,8,Nvidia GeForce GTX 1050,58341.6,full hd,i5,1000,128
74,Acer,14.0,8,Intel HD Graphics 520,20725.92,other,i3,1000,0
75,Asus,15.6,8,Nvidia GeForce GTX 1050,50562.72,full hd,i7,1000,0
76,Lenovo,15.6,8,Intel HD Graphics 620,27652.32,full hd,i5,2000,0
77,Dell,15.6,8,Intel UHD Graphics 620,45554.4,full hd,i7,1000,128
78,Acer,15.6,4,other,28238.4,full hd,i3,1000,0
79,HP,17.3,8,Nvidia GeForce 930MX,52054.56,full hd,i5,1000,128
80,Dell,15.6,8,Intel UHD Graphics 620,58403.4048,ips,i5,0,256
81,Apple,12.0,8,Intel HD Graphics 615,80452.8,ips,i5,0,512
82,HP,14.0,8,Intel HD Graphics 620,45820.8,full hd,i5,0,256
83,Lenovo,15.6,4,other,21258.72,full hd,amd processor,0,128
84,Acer,15.6,4,AMD Radeon R5,21045.6,other,amd processor,1000,0
85,Dell,15.6,16,Nvidia GeForce GTX 1050 Ti,71874.72,ips,i7,1000,128
86,HP,15.6,8,other,37242.72,ips,i7,0,256
87,HP,15.6,8,Intel HD Graphics 620,31914.1872,full hd,i5,0,256
88,Asus,15.6,16,Nvidia GeForce GTX 1060,77202.72,ips,i7,1000,128
89,Dell,13.3,8,Intel UHD Graphics 620,87858.72,ips,i7,0,256
90,Asus,15.6,8,other,37242.72,full hd,amd processor,1000,0
91,Acer,15.6,8,Nvidia GeForce MX150,36709.92,full hd,i7,1000,0
92,HP,13.3,16,Intel UHD Graphics 620,63776.16,full hd,i7,0,512
93,Dell,15.6,8,Nvidia GeForce GTX 1060,63669.6,full hd,i5,0,256
94,Asus,14.0,8,Intel HD Graphics 620,55890.72,full hd,i7,0,256
95,Acer,13.3,8,Intel UHD Graphics 620,45128.16,ips,i5,0,256
96,Dell,15.6,8,AMD Radeon R5 M430,31962.672,full hd,i7,1000,0
97,Dell,15.6,4,AMD Radeon R5 M430,25840.8,full hd,i3,0,256
98,Asus,15.6,6,other,30742.56,full hd,i3,0,256
99,HP,15.6,12,Nvidia GeForce GTX 1050,66546.72,ips,i7,1000,128
100,HP,15.6,8,AMD Radeon 530,38308.32,full hd,i7,0,256
101,HP,15.6,4,other,18594.72,full hd,amd processor,500,0
102,Dell,15.6,8,AMD Radeon 520,34472.16,full hd,i5,1000,0
103,HP,13.3,8,Nvidia GeForce MX150,59620.32,ips,i7,0,256
104,Microsoft,13.5,8,Intel HD Graphics 620,71395.2,touch screen,i5,0,256
105,HP,14.0,6,Nvidia GeForce 940MX,35111.52,ips,i5,0,256
106,Lenovo,15.6,4,Intel HD Graphics 520,22105.872,full hd,i3,1000,0
107,Asus,14.0,8,Nvidia GeForce 940MX,63563.04,ips,i7,0,256
108,MSI,15.6,16,Nvidia GeForce GTX 1050 Ti,69210.72,full hd,i7,1000,256
109,Lenovo,14.0,8,Intel HD Graphics 620,78854.4,ips,i7,0,256
110,Asus,15.6,16,Nvidia GeForce MX150,67239.36,full hd,i7,1000,256
111,Dell,13.3,8,other,73473.12,touch screen,i7,0,256
112,Lenovo,13.3,8,Intel HD Graphics 620,74538.72,ips,i5,0,256
113,HP,14.0,4,Intel UHD Graphics 620,38468.16,ips,i5,500,0
114,Dell,13.3,8,Intel UHD Graphics 620,86793.12,ips,i5,0,256
115,HP,13.3,8,Intel UHD Graphics 620,74538.1872,ips,i5,0,256
116,HP,14.0,8,Intel UHD Graphics 620,57755.52,full hd,i7,0,512
117,Dell,15.6,8,Nvidia GeForce 940MX,60223.98239999999,ips,i7,1000,256
118,Asus,17.3,4,Nvidia GeForce 920MX,30049.92,full hd,i3,1000,0
119,Asus,15.6,8,Nvidia GeForce 940MX,59567.04,full hd,i7,0,256
120,Acer,15.6,6,Intel HD Graphics 620,25521.12,ips,i3,1000,0
121,MSI,15.6,16,Nvidia GeForce GTX 1070,119427.12,full hd,i7,2000,256
122,Lenovo,15.6,8,Nvidia GeForce 940MX,33513.119999999995,full hd,i5,0,256
123,HP,17.3,16,other,67718.88,full hd,i7,0,512
124,Acer,15.6,4,AMD Radeon R5,24029.28,other,amd processor,0,256
125,HP,15.6,4,Intel HD Graphics 400,13799.52,other,other intel processor,500,0
126,HP,14.0,8,Intel UHD Graphics 620,43263.36,full hd,i5,1000,0
127,Asus,14.0,4,other,14811.3072,other,amd processor,0,64
128,Dell,17.3,16,AMD Radeon 530,74378.87999999999,full hd,i7,2000,256
129,HP,17.3,8,Intel UHD Graphics 620,49443.84,full hd,i5,0,256
130,Dell,15.6,8,AMD Radeon R7 M445,34045.3872,other,i5,1000,0
131,Dell,15.6,4,AMD Radeon R5 M430,23922.72,full hd,i3,1000,0
132,Acer,14.0,8,Intel UHD Graphics 620,47099.52,ips,i7,0,256
133,Acer,15.6,4,other,30476.16,full hd,i3,0,256
134,HP,15.6,8,Intel HD Graphics 620,31861.44,other,i7,1000,0
135,HP,14.0,8,Intel UHD Graphics 620,52640.64,full hd,i7,0,256
136,Lenovo,15.6,4,Intel HD Graphics 500,13445.7408,other,other intel processor,1000,0
137,Asus,17.3,8,Nvidia GeForce GTX 1050,49976.64,full hd,i5,1000,128
138,Lenovo,15.6,4,Nvidia GeForce 920MX,26586.72,full hd,i5,1000,0
139,HP,13.3,4,Intel HD Graphics 620,37242.72,ips,i5,0,256
140,Acer,17.3,4,other,34898.4,ips,i3,1000,0
141,Lenovo,14.0,8,other,59461.5456,ips,i5,0,256
142,Lenovo,15.6,8,other,46300.32,ips,i7,0,256
143,Toshiba,15.6,4,Intel HD Graphics 520,32074.56,other,i5,500,0
144,HP,15.6,4,other,19660.32,other,amd processor,0,256
145,Asus,14.0,8,Intel UHD Graphics 620,58554.72,full hd,i7,0,256
146,HP,12.5,8,Intel HD Graphics 515,107305.92,ips,other intel processor,0,512
147,Asus,15.6,4,Intel HD Graphics 500,18328.32,full hd,other intel processor,1000,0
148,MSI,17.3,16,Nvidia GeForce GTX 1070,108105.12,full hd,i7,1000,256
149,Acer,15.6,4,Intel HD Graphics 520,23816.16,other,i3,1000,0
150,Dell,15.6,16,Nvidia GeForce GTX 1050,66560.5728,full hd,i7,0,512
151,Dell,15.6,8,Nvidia GeForce GTX 1050,47898.72,full hd,i7,0,0
152,Lenovo,15.6,4,Intel HD Graphics 620,26533.44,other,i5,0,128
153,MSI,17.3,16,Nvidia GeForce GTX 1060,100699.2,full hd,i7,1000,256
154,HP,14.0,4,Intel HD Graphics 620,57648.96,full hd,i5,0,256
155,HP,15.6,6,AMD Radeon 520,32980.32,full hd,i5,0,256
156,Lenovo,14.0,4,Intel HD Graphics 620,33513.119999999995,ips,i3,0,256
157,Asus,13.3,8,Intel HD Graphics 620,70063.2,full hd,i5,0,256
158,Dell,15.6,8,Intel UHD Graphics 620,55890.72,full hd,i7,0,256
159,Toshiba,15.6,4,Intel HD Graphics 520,23816.16,other,i3,500,0
160,Asus,15.6,4,other,21471.84,other,amd processor,1000,0
161,Acer,17.3,4,Nvidia GeForce MX150,42890.4,ips,i5,0,256
162,Dell,15.6,8,AMD Radeon 520,38787.84,full hd,i5,0,256
163,Lenovo,15.6,16,Nvidia GeForce GTX 1050 Ti,57489.12,ips,i7,0,256
164,Acer,15.6,4,Intel HD Graphics 500,18541.44,other,other intel processor,1000,0
165,MSI,15.6,16,Nvidia GeForce GTX 1060,95850.72,ips,i7,1000,256
166,Acer,15.6,4,Intel HD Graphics 505,19367.8128,other,other intel processor,1000,0
167,Dell,15.6,8,Nvidia GeForce GTX 1050,56502.9072,full hd,i7,1000,128
168,Acer,17.3,8,Nvidia GeForce MX150,45501.12,ips,i5,0,256
169,HP,13.3,4,Intel UHD Graphics 620,40173.12,ips,i5,500,0
170,Huawei,13.0,8,Intel HD Graphics 620,71874.72,ips,i5,0,256
171,HP,17.3,6,AMD Radeon 520,37242.72,ips,i5,2000,0
172,Lenovo,15.6,4,other,16463.52,other,amd processor,500,0
173,Toshiba,15.6,4,Intel HD Graphics 620,26053.92,other,i3,500,0
174,HP,17.3,8,Nvidia GeForce 930MX,49177.44,full hd,i5,0,256
175,Dell,15.6,8,Intel HD Graphics 620,24455.52,other,i3,1000,0
176,Acer,15.6,4,Intel HD Graphics 520,23922.72,other,i3,0,128
177,MSI,18.4,32,other,149130.72,full hd,i7,1000,512
178,Lenovo,15.6,8,other,43316.64,full hd,i5,1000,128
179,HP,13.3,8,Intel UHD Graphics 620,79866.72,ips,i5,0,256
180,Dell,15.6,16,AMD Radeon 530,55890.72,full hd,i7,2000,256
181,Dell,13.3,8,Intel UHD Graphics 620,74538.72,full hd,i5,0,256
182,Lenovo,13.9,16,Intel UHD Graphics 620,98514.72,ips,i7,0,512
183,Toshiba,15.6,8,Intel HD Graphics 620,42251.04,other,i5,0,128
184,Xiaomi,15.6,8,Nvidia GeForce MX150,63882.72,ips,i5,0,256
185,Dell,17.3,16,other,82530.72,full hd,i7,0,512
186,Dell,15.6,16,Nvidia GeForce GTX 1050,127712.16,touch screen,i7,0,512
187,Lenovo,15.6,8,Nvidia GeForce GTX 1050,41505.12,ips,i5,0,256
188,Acer,13.3,8,Intel HD Graphics 615,52693.92,ips,i5,0,256
189,Dell,17.3,8,AMD Radeon 530,57808.8,full hd,i7,1000,128
190,Lenovo,14.0,16,Intel HD Graphics 620,150462.72,touch screen,i7,0,1000
191,Vero,14.0,4,Intel HD Graphics 500,13852.8,ips,other intel processor,0,0
192,Xiaomi,13.3,8,Nvidia GeForce MX150,53274.67199999999,ips,i5,0,256
193,Lenovo,17.3,8,Nvidia GeForce MX150,37189.44,other,i5,0,256
194,Dell,13.3,8,Intel UHD Graphics 620,44701.92,ips,i7,1000,0
195,HP,17.3,8,Nvidia GeForce 930MX,48697.92,ips,i5,1000,0
196,Razer,17.3,32,other,324954.72,touch screen,i7,0,1000
197,HP,13.3,8,Intel UHD Graphics 620,51095.52,full hd,i5,0,512
198,HP,17.3,16,Nvidia GeForce GTX 1050,73473.12,ips,i7,1000,256
199,HP,17.3,8,other,55677.6,full hd,i7,0,256
200,Dell,15.6,16,Nvidia GeForce GTX 1060,98301.6,ips,i7,1000,512
201,Lenovo,15.6,4,Intel HD Graphics 520,26267.04,other,i5,0,128
202,Acer,15.6,8,Nvidia GeForce 940MX,39533.76,full hd,i7,1000,0
203,Lenovo,15.6,16,Nvidia GeForce GTX 1060,93186.72,ips,i7,1000,512
204,Dell,15.6,16,other,162770.4,other,other intel processor,1000,256
205,Lenovo,15.6,16,Nvidia GeForce GTX 1060,74485.44,full hd,i7,0,512
206,Dell,15.6,6,Intel HD Graphics 620,23389.92,touch screen,i3,1000,0
207,Dell,13.3,8,Intel UHD Graphics 620,103842.72,ips,i7,0,256
208,Dell,13.3,8,Intel UHD Graphics 620,77202.72,full hd,i7,0,256
209,Lenovo,15.6,8,Intel HD Graphics 620,31808.16,other,i5,0,256
210,Acer,15.6,8,Nvidia GeForce GTX 1050,41505.12,full hd,i7,1000,0
211,Asus,17.3,16,Nvidia GeForce GTX 1050,74964.95999999999,full hd,i7,1000,256
212,HP,15.6,4,Intel HD Graphics 520,18594.72,full hd,i3,500,0
213,Lenovo,15.6,8,Intel HD Graphics 620,29250.72,full hd,i5,0,256
214,Huawei,13.0,8,Intel HD Graphics 620,79866.72,ips,i7,0,512
215,Dell,13.3,8,AMD Radeon 530,49650.5664,ips,i7,0,256
216,Lenovo,17.3,8,other,31381.92,other,i5,1000,0
217,HP,14.0,8,Nvidia GeForce 930MX,54931.68,full hd,i7,0,256
218,Dell,14.0,8,Intel UHD Graphics 620,61218.72,full hd,i5,0,256
219,Dell,13.3,16,Intel UHD Graphics 620,68145.12,full hd,i7,0,512
220,Dell,15.6,8,AMD Radeon 520,36089.208,full hd,i5,0,256
221,Lenovo,14.0,8,Intel UHD Graphics 620,47898.72,ips,i5,0,256
222,Toshiba,13.3,8,Intel HD Graphics 520,72620.64,full hd,i7,0,256
223,HP,15.6,8,Intel UHD Graphics 620,42304.32,full hd,i5,1000,0
224,Dell,17.3,16,Nvidia GeForce GTX 1060,130873.7952,ips,i7,1000,256
225,Acer,15.6,8,Nvidia GeForce 940MX,44328.96,full hd,i7,0,256
226,Dell,15.6,16,AMD Radeon R7 M445,45768.0528,full hd,i7,1000,0
227,Asus,15.6,8,other,40972.32,full hd,i5,0,256
228,Asus,17.3,8,other,47472.48,full hd,i5,500,256
229,HP,15.6,8,other,67612.31999999999,full hd,i7,1000,0
230,Asus,15.6,4,Intel HD Graphics 620,21258.1872,other,i3,1000,0
231,HP,15.6,4,other,17582.399999999998,other,amd processor,500,0
232,Lenovo,15.6,16,Nvidia GeForce GTX 1060,79866.72,ips,i7,1000,256
233,Dell,14.0,8,Intel HD Graphics 620,45767.52,full hd,i5,0,256
234,Acer,13.3,8,Intel HD Graphics 520,36709.92,ips,i5,0,256
235,Dell,15.6,16,AMD Radeon R7 M445,47898.72,full hd,i7,0,256
236,Acer,15.6,4,Intel HD Graphics 520,20779.2,other,i3,1000,0
237,Asus,15.6,4,AMD Radeon R5 M430,30636.0,full hd,amd processor,1000,128
238,Asus,17.3,32,other,207259.2,full hd,i7,1000,512
239,Acer,15.6,8,Nvidia GeForce GTX 1050,45074.88,ips,i5,0,256
240,Lenovo,15.6,8,Intel HD Graphics 520,31381.92,other,i3,0,128
241,Asus,17.3,8,other,61005.6,full hd,i7,1000,128
242,Asus,17.3,8,other,47365.92,full hd,i7,1000,128
243,Dell,15.6,8,Nvidia GeForce GTX 1050,46833.12,full hd,i5,0,256
244,Lenovo,13.9,8,Intel HD Graphics 620,57489.12,ips,i7,0,256
245,Dell,15.6,8,AMD Radeon 530,52480.8,full hd,i7,2000,128
246,HP,15.6,8,Intel HD Graphics 620,29783.52,touch screen,i5,1000,0
247,Asus,17.3,16,other,159786.72,full hd,i7,0,256
248,HP,13.3,4,Intel UHD Graphics 620,35964.0,ips,i5,500,0
249,Apple,13.3,8,other,108691.2,ips,i5,0,512
250,Dell,15.6,8,Intel UHD Graphics 620,43636.32,ips,i7,1000,0
251,Asus,17.3,16,other,95850.72,full hd,i7,1000,256
252,Asus,15.6,4,other,24988.32,other,amd processor,1000,0
253,Lenovo,13.9,8,Intel UHD Graphics 620,98514.72,ips,i7,0,512
254,Acer,17.3,4,other,37402.56,ips,i3,0,256
255,Dell,13.3,8,Intel UHD Graphics 620,50562.72,full hd,i5,0,256
256,HP,15.6,8,other,23757.552,other,amd processor,0,128
257,HP,17.3,16,Nvidia GeForce MX150,56423.52,ips,i7,1000,0
258,MSI,17.3,16,Nvidia GeForce GTX 1070,133146.72,full hd,i7,1000,512
259,Lenovo,15.6,8,other,90522.72,ips,i7,0,512
260,Dell,17.3,8,AMD Radeon 530,60845.76,full hd,i7,1000,128
261,Lenovo,15.6,4,Intel HD Graphics 520,23656.32,full hd,i3,0,256
262,HP,15.6,4,Intel HD Graphics 620,38468.16,ips,i5,500,0
263,Dell,15.6,4,Intel HD Graphics 620,35004.96,full hd,i5,1000,0
264,Dell,15.6,8,AMD Radeon R5 M430,30103.2,full hd,i5,1000,0
265,Dell,15.6,8,Intel UHD Graphics 620,42570.72,full hd,i5,0,256
266,Asus,13.3,8,Intel UHD Graphics 620,79866.72,full hd,i7,0,1024
267,Lenovo,15.6,4,Intel HD Graphics 620,24881.76,full hd,i5,1000,0
268,HP,17.3,8,other,54239.04,full hd,i7,1000,0
269,Lenovo,15.6,8,Intel UHD Graphics 620,46886.4,full hd,i7,0,256
270,Apple,13.3,8,other,104370.192,ips,i5,0,512
271,Asus,17.3,16,other,82530.72,full hd,amd processor,1000,256
272,Dell,15.6,8,AMD Radeon 520,39164.5296,full hd,i7,0,256
273,Lenovo,14.0,16,Intel HD Graphics 520,133146.72,touch screen,i7,0,512
274,Toshiba,15.6,8,other,43263.36,other,i7,500,0
275,Dell,15.6,12,Intel HD Graphics 620,37992.3696,other,i7,1000,0
276,Dell,17.3,8,AMD Radeon 530,58554.72,full hd,i7,1000,128
277,Acer,15.6,8,other,39693.6,ips,i7,1000,0
278,Lenovo,17.3,4,Intel HD Graphics 520,26053.92,other,i3,1000,0
279,Lenovo,17.3,8,Nvidia GeForce MX150,45234.72,full hd,i7,2000,0
280,Lenovo,17.3,6,Nvidia GeForce 940MX,45767.52,other,i7,1000,128
281,Dell,15.6,4,AMD Radeon R5 M430,22803.84,full hd,i3,1000,0
282,Lenovo,15.6,8,Nvidia GeForce GTX 1050,44169.12,ips,i5,0,256
283,Lenovo,15.6,6,Intel HD Graphics 620,30849.12,full hd,i5,0,256
284,Acer,15.6,8,Nvidia GeForce MX150,50669.28,ips,i7,0,256
285,Acer,15.6,12,Intel HD Graphics 620,35111.52,ips,i7,1000,0
286,Lenovo,15.6,8,other,58448.16,ips,i7,0,256
287,Asus,15.6,8,Nvidia GeForce 940MX,52054.56,full hd,i5,0,256
288,Lenovo,15.6,16,Nvidia GeForce GTX 1050 Ti,62817.12,ips,i7,1000,256
289,Lenovo,15.6,8,Nvidia GeForce 940MX,35112.0528,full hd,i7,1000,0
290,Acer,15.6,2,Intel HD Graphics,10602.72,other,other intel processor,0,16
291,Asus,17.3,8,Nvidia GeForce GTX 1050,63243.36,full hd,i7,1000,0
292,HP,17.3,8,Intel HD Graphics 520,26053.92,other,i3,1000,0
293,Dell,15.6,8,Nvidia GeForce GTX 1050,97449.12,full hd,i7,0,256
294,Lenovo,15.6,8,Intel UHD Graphics 620,39373.92,full hd,i5,0,256
295,Lenovo,15.6,8,Nvidia GeForce GTX 1060,69210.72,ips,i7,1000,0
296,Acer,15.6,8,Nvidia GeForce GTX 1050 Ti,52161.12,full hd,i7,0,256
297,Dell,17.3,16,other,153705.3408,full hd,i7,0,256
298,Lenovo,15.6,6,other,26586.72,full hd,amd processor,1000,0
299,Asus,15.6,16,Nvidia GeForce 940MX,78215.04,full hd,i7,0,512
300,Asus,14.0,4,Intel HD Graphics 620,27119.52,other,i3,0,128
301,Asus,17.3,16,Nvidia GeForce GTX 1070,113060.16,full hd,i7,1000,256
302,Lenovo,17.3,6,other,34578.72,other,i5,1000,0
303,Lenovo,15.6,8,Nvidia GeForce 940MX,29250.72,other,i5,2000,0
304,Asus,15.6,8,Nvidia GeForce GTX 1050 Ti,67399.2,full hd,i7,1000,128
305,Lenovo,15.6,4,Intel HD Graphics 505,19180.2672,other,other intel processor,1000,0
306,HP,13.3,16,Intel HD Graphics 620,105228.0,full hd,i7,0,256
307,Toshiba,15.6,8,other,55571.04,ips,i7,0,256
308,Lenovo,15.6,8,Nvidia GeForce 940MX,43636.32,full hd,i5,1000,128
309,HP,15.6,4,Intel HD Graphics 520,24988.32,full hd,i3,1000,0
310,Lenovo,13.3,8,Intel HD Graphics 620,53226.72,ips,i5,0,256
311,Dell,13.3,16,Intel UHD Graphics 620,133146.72,ips,i7,0,1000
312,MSI,15.6,16,Nvidia GeForce GTX 1070,111834.72,ips,i7,1000,256
313,Acer,15.6,8,AMD Radeon R5,24988.32,full hd,amd processor,0,256
314,Asus,11.6,2,Intel HD Graphics 500,14652.0,touch screen,other intel processor,0,0
315,Dell,15.6,8,AMD Radeon 530,44968.32,full hd,i5,1000,128
316,HP,13.3,16,Intel UHD Graphics 620,130482.72,ips,i7,0,1000
317,Lenovo,13.3,4,other,24503.472,other,other intel processor,0,0
318,HP,14.0,8,Intel HD Graphics 620,52214.4,full hd,i5,0,256
319,Acer,11.6,4,other,25840.8,other,other intel processor,0,0
320,HP,14.0,8,Intel HD Graphics 620,68837.76,full hd,i7,0,256
321,Lenovo,17.3,4,Nvidia GeForce 920MX,31381.92,other,i5,1000,0
322,Asus,14.0,8,Intel HD Graphics 620,58288.32,full hd,i7,0,256
323,HP,15.6,8,Intel UHD Graphics 620,48058.56,ips,i7,1000,0
324,Acer,15.6,8,other,35111.52,other,amd processor,0,256
325,Lenovo,14.0,4,Intel HD Graphics 500,15557.76,other,other intel processor,0,0
326,Acer,15.6,6,Intel HD Graphics 620,29250.72,other,i5,1000,0
327,Asus,15.6,8,Nvidia GeForce 940MX,55938.672,full hd,i7,0,256
328,HP,12.5,8,Intel HD Graphics 620,71128.8,full hd,i7,0,256
329,Dell,15.6,32,Nvidia GeForce GTX 1050,140605.91999999998,touch screen,i7,0,1000
330,MSI,17.3,8,Nvidia GeForce GTX 1050 Ti,63882.72,full hd,i7,1000,256
331,Toshiba,15.6,8,Intel HD Graphics 620,50243.04,ips,i5,0,256
332,Asus,14.0,8,Intel HD Graphics 620,71075.52,full hd,i7,1000,256
333,Lenovo,15.6,4,Intel HD Graphics 520,23922.72,full hd,i3,1000,0
334,Asus,15.6,8,Nvidia GeForce GTX 1050,53226.72,full hd,i7,0,256
335,HP,14.0,8,Intel HD Graphics 620,67559.04,full hd,i5,0,256
336,Dell,15.6,8,Nvidia GeForce 940MX,55890.72,ips,i5,1000,128
337,HP,15.6,8,Intel HD Graphics 620,60952.32,full hd,i5,0,256
338,Asus,15.6,4,Intel HD Graphics 500,14651.4672,other,other intel processor,1000,0
339,Dell,15.6,8,Nvidia GeForce 940MX,60885.72,full hd,i5,0,256
340,Dell,15.6,4,Intel HD Graphics,14646.672,other,other intel processor,500,0
341,Lenovo,15.6,12,AMD Radeon 530,47898.72,full hd,amd processor,2000,0
342,HP,15.6,8,other,38148.48,ips,i3,1000,0
343,Lenovo,13.9,16,Intel UHD Graphics 620,111834.72,ips,i7,0,512
344,Dell,13.3,8,Intel UHD Graphics 620,84129.12,full hd,i7,0,256
345,Lenovo,15.6,16,Nvidia GeForce GTX 1050 Ti,60153.12,ips,i7,2000,256
346,HP,14.0,2,Intel HD Graphics 400,14865.12,other,other intel processor,0,0
347,Dell,15.6,16,Intel UHD Graphics 620,85672.1088,full hd,i7,0,768
348,Asus,11.6,4,Intel HD Graphics 500,19980.0,touch screen,other intel processor,0,0
349,Dell,15.6,8,AMD Radeon 530,35324.64,full hd,i5,1000,0
350,Dell,15.6,16,Nvidia GeForce GTX 1050,108020.9376,touch screen,i7,0,512
351,HP,15.6,8,Intel HD Graphics 620,69477.12,full hd,i7,0,256
352,MSI,17.3,8,Nvidia GeForce GTX 1060,75071.52,full hd,i7,1000,128
353,HP,15.6,8,other,92615.0256,full hd,i7,0,256
354,Toshiba,15.6,16,other,74751.84,ips,i7,0,512
355,Dell,15.6,8,AMD Radeon 530,51729.55199999999,full hd,i7,2000,128
356,Lenovo,15.6,4,Intel HD Graphics 500,17155.627200000003,other,other intel processor,1000,0
357,Dell,15.6,8,Nvidia GeForce GTX 1050,53226.72,full hd,i5,1000,0
358,Dell,15.6,8,Intel HD Graphics 620,29696.6736,touch screen,i5,2000,0
359,Dell,14.0,8,Intel HD Graphics 620,76030.56,full hd,i5,0,256
360,HP,15.6,4,Intel HD Graphics 520,23389.92,other,i3,500,0
361,Asus,14.0,8,Intel HD Graphics 620,50349.6,full hd,i5,0,256
362,Lenovo,17.3,6,other,38308.32,other,i5,1000,128
363,HP,15.6,8,Intel HD Graphics 620,34045.92,full hd,i5,1000,0
364,Lenovo,15.6,8,other,26586.72,other,i3,0,256
365,HP,15.6,8,other,20725.92,other,other intel processor,2000,0
366,Dell,17.3,8,AMD Radeon 530,57808.8,full hd,i5,1000,128
367,Lenovo,15.6,8,Nvidia GeForce GTX 1050,43103.52,ips,i5,1000,128
368,Dell,15.6,8,AMD Radeon R7 M445,47898.72,full hd,i7,0,256
369,HP,14.0,8,Intel HD Graphics 620,93240.0,ips,i7,0,256
370,Asus,15.6,12,other,58554.72,full hd,i7,2000,512
371,Acer,15.6,4,AMD Radeon R5,22697.28,other,amd processor,0,128
372,Asus,17.3,16,other,117162.72,ips,amd processor,1000,256
373,Lenovo,17.3,4,AMD Radeon R5,26053.92,other,amd processor,0,128
374,Dell,13.3,8,Intel UHD Graphics 620,46300.85279999999,full hd,i7,0,256
375,HP,15.6,4,AMD Radeon R5,26053.3872,full hd,amd processor,0,256
376,Lenovo,11.6,4,Intel HD Graphics 500,29463.84,ips,other intel processor,0,128
377,Dell,15.6,4,Intel HD Graphics 400,16463.52,other,other intel processor,500,0
378,Asus,14.0,4,Intel HD Graphics 500,15238.08,other,other intel processor,0,0
379,Acer,15.6,8,Nvidia GeForce GTX 1050,45074.88,full hd,i7,1000,0
380,HP,17.3,8,Nvidia GeForce GTX 1050,63456.48,ips,i7,1000,128
381,Lenovo,15.6,4,Intel HD Graphics 520,21498.48,full hd,i3,0,128
382,Asus,15.6,8,Nvidia GeForce GTX 1060,88178.4,ips,i7,1000,128
383,Lenovo,14.0,8,Nvidia GeForce 940MX,58554.72,ips,i5,0,256
384,Asus,13.3,16,Intel HD Graphics 620,93181.392,full hd,i7,0,512
385,Lenovo,14.0,8,Intel HD Graphics 620,121584.96,ips,i7,0,512
386,Lenovo,13.3,4,Intel HD Graphics 620,29250.72,ips,i3,0,128
387,Dell,15.6,8,other,72940.31999999999,full hd,i5,500,0
388,Dell,15.6,8,other,113752.8,ips,i7,0,256
389,Lenovo,14.0,16,Intel HD Graphics 620,133679.52,touch screen,i7,0,512
390,Asus,17.3,8,Nvidia GeForce GTX 1050,55357.92,full hd,i7,1000,0
391,Asus,17.3,16,Nvidia GeForce GTX 1050 Ti,84768.48,full hd,i7,1000,256
392,Acer,15.6,12,other,36975.7872,ips,i5,1000,0
393,MSI,17.3,8,Nvidia GeForce GTX 1050 Ti,71874.72,full hd,i7,0,256
394,Dell,15.6,8,AMD Radeon R7 M445,41498.1936,full hd,i7,0,256
395,HP,15.6,4,AMD Radeon 520,26586.72,full hd,amd processor,0,256
396,Lenovo,15.6,8,other,65510.9568,ips,i7,0,256
397,Lenovo,14.0,8,Intel HD Graphics 620,49976.64,ips,i5,0,256
398,Dell,15.6,8,other,144495.36,touch screen,i7,0,256
399,Lenovo,14.0,16,Intel HD Graphics 620,139860.0,ips,i7,0,1000
400,Lenovo,15.6,4,Intel HD Graphics 500,16303.68,other,other intel processor,1000,0
401,Asus,17.3,16,Nvidia GeForce GTX 1050,81465.12,full hd,i7,1000,256
402,Lenovo,15.6,8,other,60978.96,ips,i5,1000,256
403,Acer,15.6,8,Nvidia GeForce GTX 1050,46833.12,full hd,i7,0,256
404,MSI,17.3,16,Nvidia GeForce GTX 1070,119826.72,full hd,i7,1000,256
405,Asus,14.0,8,Intel HD Graphics 620,99793.44,full hd,i7,0,512
406,Toshiba,13.3,16,Intel HD Graphics 520,93080.16,full hd,i7,0,512
407,Dell,14.0,8,Intel HD Graphics,89510.4,full hd,i7,0,512
408,Lenovo,15.6,4,Intel HD Graphics 520,21791.52,full hd,i3,500,0
409,Lenovo,11.6,2,Intel HD Graphics 500,16221.096,other,other intel processor,0,0
410,Lenovo,15.6,8,other,102564.0,full hd,i7,0,512
411,Lenovo,14.0,8,other,103523.04,ips,i7,0,512
412,HP,15.6,4,AMD Radeon 520,24988.32,full hd,i3,1000,0
413,Acer,13.3,8,Intel HD Graphics 520,42038.4528,ips,i7,0,256
414,Asus,13.3,8,Intel HD Graphics 620,49443.84,ips,i5,0,256
415,Dell,15.6,4,AMD Radeon R5 M430,31909.392,full hd,i5,0,256
416,Dell,13.3,4,Intel HD Graphics 520,36709.92,other,i3,0,128
417,HP,14.0,8,Intel HD Graphics 520,79920.0,full hd,i7,0,256
418,Dell,15.6,8,Intel HD Graphics 620,28768.536,other,i5,1000,0
419,Lenovo,14.0,8,other,64755.44640000001,ips,i7,0,256
420,Lenovo,15.6,16,Nvidia GeForce GTX 1050,101178.72,ips,i7,0,512
421,Chuwi,12.3,6,Intel HD Graphics 500,23922.72,ips,other intel processor,0,0
422,HP,15.6,8,other,76030.56,full hd,i7,0,256
423,Asus,15.6,8,Nvidia GeForce 940MX,31808.16,full hd,i3,1000,0
424,Dell,17.3,16,Nvidia GeForce GTX 1070,149130.72,ips,i7,1000,256
425,Dell,15.6,8,Nvidia GeForce GTX 1050 Ti,61751.52,ips,i7,1000,128
426,Dell,15.6,8,AMD Radeon 530,60867.072,full hd,i7,2000,256
427,Dell,14.0,8,Intel HD Graphics 620,58554.72,full hd,i7,0,256
428,HP,17.3,12,Nvidia GeForce GTX 1070,106506.72,full hd,i7,1000,256
429,Mediacom,11.6,4,Intel HD Graphics 500,15930.72,ips,other intel processor,0,32
430,Samsung,11.6,4,Intel HD Graphics 400,14332.32,other,other intel processor,0,0
431,Lenovo,13.3,8,Intel HD Graphics 620,53812.8,ips,i7,0,256
432,Lenovo,14.0,4,Intel HD Graphics 620,31914.72,ips,i3,0,128
433,Lenovo,15.6,16,Nvidia GeForce 940MX,130269.6,ips,i7,0,512
434,Lenovo,15.6,16,other,130482.72,full hd,i7,0,512
435,Asus,17.3,8,other,90309.6,full hd,amd processor,1000,256
436,HP,15.6,4,Intel HD Graphics 400,18488.16,other,other intel processor,500,0
437,Google,12.3,16,Intel HD Graphics 615,117162.72,touch screen,i7,0,512
438,Lenovo,14.0,24,Intel HD Graphics 620,126912.96,other,i7,0,512
439,Asus,15.6,4,Intel HD Graphics 620,29783.52,full hd,i5,0,256
440,Lenovo,17.3,8,other,27652.32,other,amd processor,1000,0
441,Dell,15.6,4,AMD Radeon 530,39906.72,full hd,i5,0,256
442,Lenovo,12.5,8,Intel HD Graphics 620,76137.12,ips,i5,0,256
443,Lenovo,15.6,4,Intel HD Graphics 505,18594.72,full hd,other intel processor,0,128
444,HP,15.6,8,Nvidia GeForce GTX 1050,58554.72,ips,i7,1000,128
445,Dell,14.0,8,Nvidia GeForce 930MX,62817.12,full hd,i5,0,256
446,Acer,15.6,4,Intel HD Graphics 620,23539.104,other,i5,500,0
447,Dell,15.6,8,other,106187.04,full hd,other intel processor,1000,0
448,MSI,15.6,8,Nvidia GeForce GTX 1050,54757.9872,full hd,i5,0,256
449,Microsoft,13.5,16,other,137941.91999999998,touch screen,i7,0,512
450,HP,15.6,8,Intel HD Graphics 620,31381.92,other,i5,0,128
451,Dell,15.6,16,other,105228.0,ips,i7,0,256
452,HP,15.6,8,Intel HD Graphics 620,81731.52,ips,i7,0,512
453,Lenovo,14.0,8,Intel HD Graphics 620,71661.59999999999,full hd,i5,0,256
454,Dell,15.6,8,AMD Radeon 530,52161.12,full hd,i7,1000,128
455,Dell,11.6,4,other,25521.12,touch screen,other intel processor,500,0
456,Dell,17.3,8,Nvidia GeForce GTX 1060,109010.88,ips,i7,1000,0
457,Microsoft,13.5,4,Intel HD Graphics 615,52693.92,touch screen,other intel processor,0,128
458,Microsoft,13.5,8,other,95850.72,touch screen,i7,0,256
459,HP,17.3,8,Intel HD Graphics 520,34093.872,other,i3,0,256
460,Acer,15.6,4,Nvidia GeForce 940MX,28984.32,full hd,i3,1000,0
461,Acer,11.6,4,Intel HD Graphics 400,23176.8,other,other intel processor,0,128
462,Asus,15.6,8,Intel HD Graphics 620,39906.72,full hd,i5,1000,0
463,Lenovo,14.0,8,other,42570.72,ips,i7,0,512
464,Lenovo,15.6,8,other,111355.2,full hd,i7,0,256
465,Asus,15.6,4,Intel HD Graphics 500,16197.12,other,other intel processor,500,0
466,Acer,15.6,4,other,24988.32,other,i3,500,0
467,Dell,15.6,8,AMD Radeon 530,40439.52,full hd,i5,2000,0
468,HP,17.3,12,Nvidia GeForce GTX 1060,90522.72,ips,i7,1000,0
469,Lenovo,14.0,12,Intel HD Graphics 520,98994.24,ips,i7,0,256
470,HP,13.3,8,Intel UHD Graphics 620,106506.72,ips,i7,0,512
471,HP,15.6,8,other,61485.12,full hd,i5,500,0
472,Google,12.3,8,Intel HD Graphics 615,67932.0,touch screen,i5,0,128
473,Dell,13.3,8,Intel UHD Graphics 620,98133.768,full hd,i5,0,256
474,Asus,15.6,12,other,69210.72,ips,i7,1000,128
475,Dell,14.0,8,Intel HD Graphics 520,39427.2,other,i3,0,128
476,Dell,15.6,8,other,128298.24,full hd,i7,0,256
477,Lenovo,14.0,8,Intel HD Graphics 620,72673.92,full hd,i5,0,180
478,Dell,15.6,8,AMD Radeon 520,35964.0,full hd,i5,1000,0
479,Toshiba,13.3,8,Intel HD Graphics 620,89084.16,ips,i5,0,256
480,Dell,15.6,8,Nvidia GeForce 940MX,67239.36,ips,i7,0,512
481,Dell,15.6,4,Intel HD Graphics 620,31254.048,other,i3,1000,0
482,HP,13.3,4,Intel UHD Graphics 620,38681.28,ips,i5,0,128
483,Chuwi,15.6,4,Intel HD Graphics,13261.392000000002,full hd,other intel processor,0,0
484,Lenovo,15.6,4,Intel HD Graphics 520,30103.2,other,i3,0,128
485,Lenovo,14.0,8,Intel UHD Graphics 620,55890.72,ips,i5,0,256
486,Dell,15.6,16,other,124568.64,ips,i7,0,512
487,Dell,15.6,16,Nvidia GeForce GTX 1050,101178.72,full hd,i7,0,512
488,Lenovo,12.5,16,Intel HD Graphics 620,95797.44,ips,i7,0,512
489,Asus,12.5,16,Intel HD Graphics 620,103896.0,full hd,i7,0,512
490,Lenovo,15.6,8,Nvidia GeForce 940MX,53918.82719999999,ips,i5,0,256
491,Toshiba,13.3,32,Intel HD Graphics 620,149130.72,full hd,i7,0,512
492,Asus,15.6,8,Nvidia GeForce GTX 1050,71928.0,full hd,i7,1000,128
493,Acer,15.6,8,other,30849.12,other,amd processor,1000,0
494,Asus,17.3,24,other,67612.31999999999,ips,i7,1000,256
495,Lenovo,12.5,8,Intel HD Graphics 520,58554.72,ips,i5,0,180
496,Lenovo,15.6,8,Intel UHD Graphics 620,47893.39199999999,full hd,i7,0,256
497,HP,14.0,8,Intel HD Graphics 620,93186.72,full hd,i7,0,1000
498,Lenovo,13.3,8,Intel HD Graphics 620,50562.72,ips,i3,0,256
499,Lenovo,15.6,8,Intel HD Graphics 620,48538.08,ips,i5,0,256
500,Asus,11.6,4,Intel HD Graphics 500,18115.2,other,other intel processor,0,0
501,HP,15.6,8,AMD Radeon 520,32979.7872,other,i5,0,256
502,Lenovo,13.9,8,Intel UHD Graphics 620,85194.72,ips,i5,0,256
503,Lenovo,14.0,4,Intel HD Graphics 500,15930.72,other,other intel processor,500,0
504,Lenovo,11.6,4,Intel HD Graphics 400,14119.2,other,other intel processor,0,16
505,Lenovo,13.3,8,Intel HD Graphics 620,50562.72,full hd,i5,0,256
506,Asus,15.6,8,Intel HD Graphics 620,65214.72,full hd,i7,1000,256
507,Acer,15.6,4,Nvidia GeForce MX150,32660.64,ips,i5,1000,0
508,HP,13.3,8,Intel HD Graphics 620,70489.44,ips,i7,0,512
509,Lenovo,15.6,8,Nvidia GeForce GTX 1060,61218.72,ips,i7,1000,256
510,Dell,13.3,8,Intel HD Graphics 620,47898.72,ips,i5,0,128
511,Acer,15.6,4,Nvidia GeForce 940MX,34045.92,full hd,i7,500,0
512,Dell,15.6,8,Intel HD Graphics 620,44542.08,full hd,i5,1000,0
513,Dell,15.6,16,AMD Radeon 530,64961.10719999999,full hd,i7,2000,256
514,Xiaomi,15.6,16,Nvidia GeForce MX150,74589.336,ips,i7,0,256
515,Asus,11.6,2,Intel HD Graphics 500,13053.6,other,other intel processor,0,0
516,HP,15.6,4,Intel UHD Graphics 620,27783.9216,touch screen,i5,1000,0
517,Asus,15.6,24,other,158135.04,full hd,i7,0,512
518,HP,15.6,8,Nvidia GeForce 930MX,47365.92,full hd,i5,0,256
519,Asus,17.3,16,other,80133.12,full hd,i7,1000,256
520,Lenovo,15.6,8,Nvidia GeForce GTX 1060,74538.72,ips,i7,1000,256
521,HP,13.3,8,Intel HD Graphics 620,74538.72,ips,i7,0,256
522,Dell,14.0,8,Intel HD Graphics 620,68184.0144,full hd,i5,0,256
523,HP,15.6,4,Intel HD Graphics 520,36709.92,other,i3,0,128
524,Dell,17.3,8,AMD Radeon 530,47365.92,ips,i5,1000,128
525,Lenovo,14.0,8,Intel HD Graphics 520,71395.2,full hd,i5,0,256
526,Lenovo,15.6,4,Nvidia GeForce 920MX,42570.72,full hd,i7,1000,0
527,Lenovo,15.6,8,other,24455.52,other,i3,2000,0
528,Dell,15.6,4,AMD Radeon R5 M430,31168.8,full hd,i5,500,0
529,Dell,15.6,8,Intel HD Graphics 620,73366.56,full hd,i5,0,256
530,Dell,17.3,16,Nvidia GeForce GTX 1070,160520.3856,ips,i7,1000,128
531,Toshiba,15.6,8,Intel HD Graphics 620,45820.8,ips,i5,500,0
532,Asus,15.6,8,Nvidia GeForce GTX 960M,69210.72,ips,i7,1000,256
533,Mediacom,13.3,4,Intel HD Graphics 500,19660.32,ips,other intel processor,0,32
534,Asus,15.6,8,Nvidia GeForce GTX 1060,87858.72,ips,i5,1000,128
535,Dell,15.6,8,Nvidia GeForce 930MX,72940.31999999999,full hd,i7,0,256
536,Dell,15.6,8,AMD Radeon 530,42486.0048,full hd,i5,0,256
537,HP,15.6,4,other,21258.1872,full hd,other intel processor,0,256
538,HP,17.3,12,Nvidia GeForce GTX 1060,95850.72,full hd,i7,1000,0
539,Lenovo,14.0,8,Nvidia GeForce 940MX,45767.52,ips,i7,0,256
540,Dell,13.3,8,Intel UHD Graphics 620,74538.72,touch screen,i7,0,256
541,Dell,14.0,4,Intel HD Graphics 520,39207.1536,full hd,i3,0,128
542,HP,13.3,8,Intel HD Graphics 620,61005.6,ips,i7,0,256
543,Acer,15.6,8,Nvidia GeForce GTX 1050,42517.44,full hd,i5,1000,0
544,Asus,15.6,4,other,18594.72,other,amd processor,500,0
545,HP,15.6,4,Intel HD Graphics 620,37589.04,full hd,i3,0,128
546,Lenovo,14.0,4,Intel HD Graphics 620,41824.8,full hd,i5,500,0
547,Lenovo,15.6,4,Intel HD Graphics 520,24634.008,full hd,i5,1000,0
548,HP,15.6,4,Intel HD Graphics 520,21152.16,full hd,i3,500,0
549,Lenovo,15.6,8,Intel HD Graphics 620,92121.12,ips,i7,0,512
550,Lenovo,15.6,4,Intel HD Graphics 520,26586.72,full hd,i3,0,128
551,Dell,15.6,8,Intel HD Graphics 620,59513.2272,full hd,i5,0,256
552,Dell,17.3,16,Nvidia GeForce GTX 1070,143802.72,ips,i7,1000,256
553,HP,17.3,8,Intel HD Graphics 520,28992.312,other,i3,1000,0
554,HP,17.3,8,Nvidia GeForce 930MX,68198.4,full hd,i7,1000,0
555,Asus,15.6,4,Intel HD Graphics 500,11934.72,other,other intel processor,500,0
556,Mediacom,13.3,4,Intel HD Graphics,13586.4,ips,other intel processor,0,0
557,Lenovo,17.3,6,Nvidia GeForce 940MX,50562.72,other,i7,1000,128
558,HP,15.6,6,AMD Radeon 530,30310.992,ips,amd processor,0,128
559,Dell,15.6,4,other,32921.712,other,i3,1000,0
560,Acer,11.6,4,Intel HD Graphics 500,18594.72,ips,other intel processor,0,0
561,Lenovo,15.6,4,Intel HD Graphics 620,33566.4,full hd,i3,0,128
562,HP,13.3,16,Intel HD Graphics 515,104695.2,ips,other intel processor,0,512
563,Lenovo,17.3,8,other,159786.72,ips,i7,0,256
564,Asus,15.6,8,Nvidia GeForce GTX 1050,44701.92,full hd,i5,1000,128
565,Dell,13.3,8,Intel UHD Graphics 620,85194.72,ips,i5,0,128
566,Dell,15.6,4,Intel HD Graphics 620,51095.52,other,i5,500,0
567,Fujitsu,15.6,8,Intel HD Graphics 620,39373.92,other,i5,1000,0
568,Lenovo,15.6,4,Intel HD Graphics 505,18328.32,full hd,other intel processor,500,0
569,Lenovo,14.0,4,Intel HD Graphics 620,52747.2,other,i5,500,0
570,HP,17.3,8,other,99153.5472,other,i5,500,0
571,HP,14.0,8,other,20725.92,other,other intel processor,2000,0
572,HP,15.6,6,AMD Radeon 530,34578.72,ips,amd processor,0,256
573,Lenovo,15.6,8,Intel HD Graphics 620,44222.4,full hd,i5,0,256
574,Lenovo,15.6,4,Intel HD Graphics 620,36496.8,full hd,i5,500,0
575,Mediacom,14.0,4,Intel HD Graphics,13266.72,full hd,other intel processor,0,32
576,Toshiba,14.0,16,Intel HD Graphics 620,99367.2,full hd,i7,0,512
577,Lenovo,17.3,32,Nvidia GeForce GTX 1070,141884.63999999998,ips,i7,1000,256
578,MSI,17.3,16,Nvidia GeForce GTX 1070,145401.12,full hd,i7,1000,512
579,Dell,15.6,8,AMD Radeon R5 M430,39907.2528,full hd,i7,0,256
580,Mediacom,14.0,4,Intel HD Graphics 500,20725.92,ips,other intel processor,0,32
581,Dell,15.6,8,Intel HD Graphics 620,53733.94559999999,other,i5,500,0
582,HP,13.3,4,Intel HD Graphics 620,38308.32,full hd,i3,0,128
583,Dell,15.6,16,Nvidia GeForce 930MX,81912.13919999999,full hd,i7,0,256
584,Dell,11.6,4,Intel HD Graphics 400,15717.6,other,other intel processor,0,0
585,MSI,17.3,16,other,125154.72,full hd,i7,1000,128
586,HP,17.3,16,Nvidia GeForce GTX 1050,79813.44,ips,i7,1000,256
587,Lenovo,14.0,12,Intel HD Graphics 520,89137.44,ips,i7,0,256
588,Lenovo,15.6,12,Intel HD Graphics 620,32447.52,touch screen,i7,1000,0
589,Asus,17.3,8,Nvidia GeForce GTX 1060,94305.6,ips,i5,1000,128
590,Asus,15.6,8,Intel HD Graphics 520,39373.92,touch screen,i5,1000,0
591,Lenovo,15.6,12,AMD Radeon 530,50562.72,full hd,amd processor,0,512
592,Dell,11.6,4,Intel HD Graphics 615,32127.84,touch screen,other intel processor,0,128
593,Samsung,15.6,16,Nvidia GeForce GTX 1050,90522.72,full hd,i7,1000,128
594,Lenovo,17.3,4,Intel HD Graphics 520,28185.12,full hd,i3,500,0
595,Lenovo,15.6,8,Intel HD Graphics 520,24455.52,other,i3,1000,0
596,Lenovo,13.3,8,Intel HD Graphics 620,107892.0,ips,i7,0,512
597,Lenovo,14.0,8,other,78534.72,ips,i5,0,256
598,Dell,12.5,8,Intel HD Graphics 620,88977.59999999999,full hd,i5,0,256
599,Dell,15.6,8,other,93932.64,full hd,i7,0,256
600,HP,15.6,8,Intel HD Graphics 620,64948.32,full hd,i7,0,256
601,HP,15.6,4,Intel HD Graphics 620,35616.6144,other,i3,500,0
602,Acer,14.0,4,Intel HD Graphics 500,17529.12,full hd,other intel processor,0,0
603,MSI,17.3,16,other,117162.72,full hd,i7,1000,128
604,Dell,15.6,4,other,24775.2,other,i3,1000,0
605,MSI,15.6,16,Nvidia GeForce GTX 1060,122490.72,other,i7,2000,256
606,Toshiba,15.6,8,Intel HD Graphics 520,74538.72,ips,i7,0,256
607,Lenovo,15.6,6,Intel HD Graphics 620,30049.92,full hd,i5,1000,0
608,Lenovo,15.6,8,other,69210.72,ips,i7,0,256
609,Acer,14.0,4,other,18594.72,other,other intel processor,0,0
610,Lenovo,15.6,32,other,261018.72,ips,other intel processor,0,1000
611,Dell,15.6,16,other,46833.6528,full hd,i7,1000,0
612,Dell,15.6,4,Intel HD Graphics 520,23650.992,other,i3,1000,0
613,Dell,15.6,4,Intel HD Graphics 520,19127.52,other,i3,1000,0
614,Dell,15.6,4,Intel HD Graphics 620,46300.32,other,i5,500,0
615,Asus,17.3,8,Nvidia GeForce GTX 1050,62231.04,full hd,i7,1000,128
616,Dell,15.6,4,other,30316.32,full hd,i5,0,128
617,HP,15.6,8,Intel HD Graphics 620,74005.92,full hd,i7,0,512
618,MSI,15.6,16,Nvidia GeForce GTX 1070,120831.5808,full hd,i7,1000,256
619,Acer,11.6,4,Intel HD Graphics 400,20193.12,ips,other intel processor,0,0
620,HP,14.0,8,Intel HD Graphics 620,59886.72,other,i5,0,256
621,Lenovo,14.0,8,Intel HD Graphics 520,78055.2,full hd,i5,0,256
622,Dell,15.6,4,AMD Radeon 530,41345.28,full hd,i5,1000,0
623,Fujitsu,15.6,8,Intel HD Graphics 620,42570.72,other,i5,0,256
624,HP,15.6,4,Intel HD Graphics 520,49656.96,other,i5,500,0
625,Lenovo,15.6,8,Nvidia GeForce 920MX,47898.72,full hd,i7,1000,0
626,Mediacom,14.0,2,Intel HD Graphics,12733.92,full hd,other intel processor,0,0
627,Lenovo,15.6,4,Intel HD Graphics 620,24935.04,full hd,i5,0,128
628,Asus,13.3,6,Intel HD Graphics 620,34046.4528,full hd,i5,1000,0
629,Dell,15.6,8,Nvidia GeForce GTX 1050,96969.6,full hd,i7,0,256
630,Asus,14.0,16,Intel HD Graphics 620,101232.0,full hd,i7,0,512
631,Dell,15.6,16,Nvidia GeForce GTX 1050 Ti,78801.12,full hd,i7,1000,256
632,Lenovo,15.6,4,Intel UHD Graphics 620,44169.12,full hd,i5,0,256
633,Lenovo,15.6,4,other,30849.12,full hd,i3,1000,0
634,Asus,15.6,8,Intel HD Graphics 500,21258.72,other,other intel processor,1000,0
635,Asus,15.6,8,Nvidia GeForce GTX 1050,48304.7136,full hd,i5,1000,0
636,Dell,13.3,8,Intel UHD Graphics 620,99580.32,touch screen,i5,0,256
637,Lenovo,14.0,2,Intel HD Graphics 400,13266.72,other,other intel processor,0,0
638,Lenovo,13.3,8,Intel HD Graphics 620,93635.3376,ips,i7,0,256
639,Dell,15.6,16,Nvidia GeForce GTX 1050,127818.72,touch screen,i7,0,1000
640,Lenovo,15.6,8,other,59087.52,ips,i7,1000,128
641,HP,17.0,8,AMD Radeon R5,27753.552,other,amd processor,1000,0
642,Lenovo,14.0,16,Intel HD Graphics 620,130536.0,ips,i7,0,512
643,Asus,15.6,8,Nvidia GeForce GTX 1050 Ti,62284.32,ips,i7,1000,0
644,Acer,15.6,4,Intel HD Graphics 520,23976.0,other,i3,500,0
645,Lenovo,14.0,4,Intel HD Graphics,14598.72,other,other intel processor,0,0
646,Acer,14.0,8,other,48964.32,ips,i5,0,256
647,Razer,14.0,16,Nvidia GeForce GTX 1060,138474.72,full hd,i7,0,256
648,Toshiba,13.3,8,Intel HD Graphics 520,64628.64,full hd,i5,0,256
649,Lenovo,12.5,8,Intel HD Graphics 620,84395.52,ips,i7,0,256
650,Asus,17.3,32,other,149130.72,ips,i7,0,512
651,Acer,15.6,8,Nvidia GeForce GTX 1050,37775.52,full hd,i5,1000,0
652,Dell,13.3,8,Intel UHD Graphics 620,77250.672,full hd,i5,0,256
653,MSI,15.6,8,Nvidia GeForce GTX 1050 Ti,63499.10399999999,full hd,i7,1000,128
654,HP,15.6,4,Intel HD Graphics 520,19441.872,other,i3,500,0
655,Toshiba,15.6,8,Intel HD Graphics 620,56689.92,ips,i5,500,0
656,Dell,15.6,8,AMD Radeon 530,48964.32,full hd,i7,0,256
657,Dell,15.6,16,AMD Radeon 530,60472.8,full hd,i7,2000,256
658,Lenovo,15.6,8,other,63722.88,ips,i7,1000,128
659,Dell,17.3,32,Nvidia GeForce GTX 1070,167691.8736,ips,i7,1000,512
660,Dell,14.0,8,Intel HD Graphics 520,65481.12,full hd,i5,0,256
661,Lenovo,15.6,4,Intel HD Graphics 500,22324.32,other,other intel processor,500,0
662,Lenovo,15.6,4,Intel HD Graphics 520,28504.8,full hd,i5,500,0
663,HP,15.6,6,AMD Radeon R5 M430,28717.92,other,i3,1000,0
664,MSI,17.3,8,Nvidia GeForce GTX 1060,79215.1056,full hd,i7,1000,128
665,Toshiba,15.6,4,Intel HD Graphics 520,26533.44,other,i3,0,128
666,Dell,15.6,8,Intel HD Graphics 620,50882.4,full hd,i5,1000,0
667,HP,15.6,8,AMD Radeon 530,39693.6,full hd,i7,1000,0
668,Toshiba,15.6,8,Intel HD Graphics 620,67026.23999999999,ips,i5,0,256
669,Acer,15.6,4,Intel HD Graphics 520,21951.36,other,i3,0,128
670,Microsoft,13.5,8,other,99519.048,touch screen,i7,0,256
671,Lenovo,15.6,8,AMD Radeon R5 M430,43580.376,full hd,i5,1000,128
672,Lenovo,13.3,8,Intel HD Graphics 620,55091.52,ips,i5,0,256
673,Lenovo,15.6,4,other,18594.72,other,amd processor,0,128
674,HP,14.0,4,Nvidia GeForce 940MX,37242.72,ips,i3,0,128
675,MSI,15.6,16,Nvidia GeForce GTX 1050,68944.31999999999,full hd,i7,1000,256
676,Asus,14.0,8,Intel HD Graphics 620,60472.8,full hd,i5,0,256
677,HP,11.6,8,Intel HD Graphics 500,26373.6,touch screen,other intel processor,0,0
678,LG,15.6,8,Intel HD Graphics 620,122490.72,ips,i7,0,512
679,Acer,15.6,16,Nvidia GeForce GTX 1050 Ti,69210.72,full hd,i5,0,256
680,MSI,15.6,8,Nvidia GeForce GTX 1050,53168.112,full hd,i5,0,256
681,Asus,15.6,4,Intel HD Graphics 500,22324.32,other,other intel processor,0,128
682,Dell,15.6,16,Nvidia GeForce GTX 1060,109277.28,full hd,i5,1000,128
683,HP,17.3,4,other,37242.72,ips,i3,0,256
684,Lenovo,13.3,8,Intel UHD Graphics 620,79866.72,ips,i7,0,512
685,Dell,15.6,16,Nvidia GeForce GTX 1070,149916.6,full hd,i7,1000,256
686,HP,15.6,4,AMD Radeon 520,32639.8608,other,i5,500,0
687,Dell,15.6,4,AMD Radeon R5 M430,29073.297599999994,other,i3,1000,0
688,HP,17.3,6,other,30316.32,ips,amd processor,2000,0
689,Lenovo,15.6,4,other,16943.04,other,other intel processor,500,0
690,Acer,14.0,4,other,19980.0,other,other intel processor,0,0
691,Lenovo,14.0,4,Intel HD Graphics 620,37242.72,full hd,i5,0,256
692,HP,17.3,8,other,101657.7072,full hd,i7,500,0
693,Lenovo,14.0,8,Intel HD Graphics 620,137995.19999999998,touch screen,i7,0,256
694,Toshiba,13.3,8,Intel HD Graphics 620,51841.44,ips,i5,0,256
695,Acer,11.6,4,Intel HD Graphics,14332.32,other,other intel processor,0,0
696,Lenovo,14.0,16,Intel HD Graphics 620,93186.72,full hd,i7,0,512
697,Asus,12.5,4,Intel HD Graphics 515,35644.32,full hd,other intel processor,0,0
698,Toshiba,13.3,16,Intel HD Graphics 520,100006.56,full hd,i7,0,512
699,HP,15.6,4,AMD Radeon 530,36709.92,ips,i7,500,0
700,Dell,15.6,8,Nvidia GeForce GTX 1050,43636.32,full hd,i5,1000,0
701,Lenovo,15.6,4,AMD Radeon 530,21258.72,full hd,amd processor,0,256
702,Lenovo,15.6,8,other,22857.12,other,amd processor,1000,0
703,Lenovo,15.6,4,Intel HD Graphics 620,33110.856,full hd,i5,2000,0
704,Lenovo,15.6,4,Intel HD Graphics 520,23976.0,other,i3,500,0
705,Dell,15.6,8,Intel HD Graphics 620,42357.6,full hd,i5,0,256
706,Acer,13.3,8,Intel UHD Graphics 620,53226.72,ips,i5,0,256
707,Lenovo,15.6,16,other,98834.4,full hd,i7,0,512
708,Lenovo,14.0,8,Intel HD Graphics 520,63456.48,full hd,i5,0,256
709,HP,17.3,6,AMD Radeon 530,34898.932799999995,ips,amd processor,2000,0
710,Lenovo,15.6,8,Nvidia GeForce GTX 1050 Ti,66546.72,ips,i7,1000,128
711,Dell,14.0,8,Nvidia GeForce 930MX,58021.92,full hd,i5,0,256
712,Dell,15.6,8,Intel HD Graphics 620,38681.28,full hd,i5,1000,0
713,Asus,14.0,4,Intel HD Graphics 500,15877.44,full hd,other intel processor,0,0
714,Dell,15.6,16,Intel HD Graphics 620,76012.44480000001,full hd,i5,0,512
715,Lenovo,14.0,8,Nvidia GeForce 920MX,45664.6896,ips,i5,0,256
716,Dell,15.6,8,Intel HD Graphics 620,62817.12,full hd,i5,0,256
717,Lenovo,15.6,4,other,15877.44,other,amd processor,500,0
718,Mediacom,14.0,4,Intel HD Graphics 400,14119.2,ips,other intel processor,32,0
719,HP,17.3,8,Nvidia GeForce 930MX,63936.0,full hd,i7,0,256
720,Lenovo,14.0,8,Intel HD Graphics 520,89864.1792,ips,i7,0,512
721,HP,13.3,8,Intel HD Graphics 620,44574.048,ips,i5,0,256
722,Lenovo,14.0,8,Intel HD Graphics 620,79866.72,ips,i5,0,256
723,Dell,17.3,32,Nvidia GeForce GTX 1070,194972.832,other,i7,1000,1000
724,MSI,17.3,8,Nvidia GeForce GTX 1050 Ti,71847.0144,full hd,i7,1000,128
725,Lenovo,15.6,4,Intel HD Graphics 620,26101.872,other,i5,1000,0
726,Dell,15.6,8,AMD Radeon 530,38308.32,full hd,i5,1000,128
727,Dell,13.3,4,Intel HD Graphics 620,34578.72,full hd,i3,1000,0
728,Dell,15.6,8,AMD Radeon R7 M445,31409.6256,other,i5,1000,0
729,HP,15.6,4,AMD Radeon 520,26053.92,full hd,amd processor,1000,0
730,Acer,17.3,16,Nvidia GeForce GTX 1060,103096.8,ips,i7,1000,128
731,Dell,15.6,12,Intel HD Graphics 620,34578.72,other,i5,1000,0
732,HP,15.6,6,AMD Radeon 520,34632.0,full hd,amd processor,1000,128
733,Acer,15.6,4,Intel HD Graphics 620,29783.52,other,i5,500,0
734,Lenovo,13.3,8,Intel HD Graphics 620,51148.8,ips,i5,0,256
735,Lenovo,15.6,4,Intel HD Graphics 620,41505.12,full hd,i7,1000,0
736,HP,15.6,16,other,128884.32,full hd,i7,0,256
737,Dell,13.3,8,Intel UHD Graphics 620,35111.52,full hd,i5,1000,0
738,MSI,15.6,16,Nvidia GeForce GTX 1060,111593.8944,full hd,i7,1000,256
739,Acer,15.6,4,Intel HD Graphics 520,21887.424,other,i3,500,0
740,Dell,15.6,8,Nvidia GeForce 940MX,64308.96,full hd,i7,1000,128
741,Dell,15.6,8,Intel HD Graphics 520,35431.2,other,i3,0,256
742,Toshiba,14.0,8,Intel HD Graphics 620,81784.8,ips,i5,0,256
743,Lenovo,14.0,8,Intel HD Graphics 620,53226.72,full hd,i5,0,256
744,Lenovo,15.6,16,other,175770.72,ips,i7,0,1000
745,Acer,14.0,2,Intel HD Graphics 400,17582.399999999998,other,other intel processor,0,0
746,Samsung,13.3,16,Intel HD Graphics 620,87858.72,full hd,i7,0,256
747,HP,15.6,8,Intel HD Graphics 520,28717.92,full hd,i3,0,256
748,Dell,14.0,8,Intel HD Graphics 620,60031.1088,other,i5,0,256
749,HP,17.3,16,other,233845.92,ips,other intel processor,0,256
750,Lenovo,11.6,4,Intel HD Graphics 400,25308.0,touch screen,other intel processor,0,128
751,HP,15.6,8,Intel HD Graphics 520,101232.0,full hd,i5,0,256
752,Asus,15.6,4,other,30849.12,other,i5,1000,0
753,Lenovo,14.0,4,Intel HD Graphics 520,58394.88,full hd,i5,0,180
754,Asus,15.6,4,Intel HD Graphics 620,45282.672,other,i7,0,256
755,Lenovo,13.3,8,other,63882.72,ips,i5,0,256
756,HP,15.6,8,Nvidia GeForce GTX 1050,58554.72,ips,i5,1000,128
757,HP,15.6,8,other,83170.08,full hd,i7,0,256
758,Dell,15.6,16,Nvidia GeForce GTX 1070,152859.7872,ips,i7,1000,256
759,Acer,15.6,4,Intel HD Graphics 620,31914.72,other,i5,0,256
760,Lenovo,15.6,8,Nvidia GeForce GTX 1050,55837.44,ips,i7,1000,128
761,Dell,12.5,16,Intel HD Graphics 620,99047.52,full hd,i7,0,256
762,Google,12.3,8,Intel HD Graphics 615,83063.52,touch screen,i5,0,256
763,Asus,13.3,8,Intel HD Graphics 620,60153.12,ips,i5,0,256
764,Dell,13.3,4,Intel HD Graphics 520,45234.72,other,i3,500,0
765,Acer,13.3,4,Intel HD Graphics 520,34898.4,other,i5,0,128
766,Asus,17.3,4,Nvidia GeForce 920MX,25059.715199999995,other,other intel processor,1000,0
767,Dell,15.6,16,Nvidia GeForce GTX 960M,58554.72,ips,i7,1000,128
768,Samsung,13.3,8,Intel HD Graphics 620,85194.72,full hd,i7,0,256
769,Acer,15.6,4,Intel HD Graphics 505,15877.44,other,other intel processor,1000,0
770,Dell,15.6,16,AMD Radeon R7 M445,62938.0656,full hd,i7,0,256
771,Samsung,15.0,16,other,95850.72,full hd,i7,0,256
772,Toshiba,14.0,4,Intel HD Graphics 520,54345.6,ips,i5,0,128
773,Dell,15.6,8,Nvidia GeForce GTX 1050,58554.72,full hd,i7,1000,0
774,HP,12.5,4,Intel HD Graphics 520,66280.31999999999,other,i5,0,256
775,Asus,15.6,12,Nvidia GeForce 940MX,44701.92,full hd,i7,2000,0
776,Lenovo,15.6,16,other,126273.6,other,i7,0,512
777,Acer,14.0,4,Intel HD Graphics 620,33886.08,ips,i3,0,128
778,Razer,14.0,16,Nvidia GeForce GTX 1060,154458.72,full hd,i7,0,512
779,Asus,15.6,8,Intel HD Graphics 505,31003.632,other,other intel processor,0,128
780,Dell,17.3,32,other,191211.264,ips,i7,1000,1000
781,Asus,17.3,16,Nvidia GeForce GTX 1070,125208.0,ips,i7,1000,256
782,Toshiba,14.0,16,other,93985.92,ips,i7,0,512
783,Lenovo,15.6,8,other,17529.12,other,other intel processor,1000,0
784,Lenovo,14.0,16,Intel HD Graphics 620,122490.72,full hd,i7,0,512
785,MSI,14.0,16,Nvidia GeForce GTX 1060,100752.48,ips,i7,1000,256
786,MSI,15.6,8,Nvidia GeForce GTX 1050,58021.92,full hd,i5,1000,128
787,Lenovo,15.6,4,Nvidia GeForce GTX 1050,53226.72,ips,i7,1000,0
788,Acer,17.3,16,Nvidia GeForce GTX 1060,122490.72,ips,i7,1000,256
789,Dell,15.6,8,Nvidia GeForce GTX 1050,52480.8,full hd,i5,0,256
790,Asus,15.6,8,other,71341.92,full hd,i7,1000,128
791,Vero,14.0,4,Intel HD Graphics 500,10810.512,other,other intel processor,0,0
792,Lenovo,13.3,8,Intel HD Graphics 620,104961.6,ips,i7,0,512
793,Lenovo,15.6,8,other,51095.52,full hd,i5,0,256
794,Apple,12.0,8,other,62071.2,ips,other intel processor,0,0
795,Lenovo,14.0,8,Intel HD Graphics 620,124142.4,ips,i5,0,256
796,Asus,14.0,4,Intel HD Graphics 500,15930.72,other,other intel processor,0,0
797,Dell,15.6,8,Intel HD Graphics 620,43156.8,other,i5,0,128
798,Lenovo,13.9,8,Intel HD Graphics 620,71874.72,ips,i7,0,256
799,Dell,15.6,8,other,39373.92,full hd,i3,0,256
800,HP,15.6,8,other,110017.872,full hd,i7,0,256
801,Asus,15.6,8,Intel HD Graphics 620,58554.72,full hd,i5,0,256
802,Dell,13.3,8,Intel HD Graphics 620,79866.72,full hd,i5,0,256
803,Dell,15.6,8,Nvidia GeForce GTX 1050,93186.72,touch screen,i5,0,256
804,Dell,11.6,4,Intel HD Graphics 505,39640.32,other,other intel processor,0,128
805,HP,12.5,8,Intel HD Graphics 620,74005.92,other,i5,0,256
806,Toshiba,15.6,4,Intel HD Graphics 520,41558.4,other,i5,500,0
807,HP,15.6,8,other,33513.119999999995,other,amd processor,2000,0
808,Dell,15.6,16,Nvidia GeForce GTX 1050 Ti,89457.12,other,i7,0,512
809,Lenovo,15.6,4,other,32447.52,full hd,i5,1000,0
810,HP,17.3,12,other,93186.72,ips,i7,1000,0
811,MSI,17.3,16,Nvidia GeForce GTX 1070,128671.2,full hd,i7,1000,512
812,Samsung,13.3,8,Intel HD Graphics 620,79866.72,full hd,i5,0,256
813,Dell,15.6,8,other,51202.08,full hd,i7,1000,0
814,Dell,15.6,8,other,42081.0768,full hd,i5,0,256
815,Lenovo,14.0,8,Intel HD Graphics 620,99047.52,full hd,i7,0,256
816,Razer,12.5,16,Intel HD Graphics 620,95850.72,ips,i7,0,512
817,HP,11.6,4,Intel HD Graphics 400,20512.8,other,other intel processor,0,0
818,Dell,17.3,16,Nvidia GeForce GTX 1060,133467.4656,ips,i7,1000,128
819,Dell,14.0,4,Intel HD Graphics 520,40226.4,other,i5,500,0
820,Lenovo,15.6,4,Intel HD Graphics 520,26101.872,other,i3,500,0
821,Toshiba,14.0,4,Intel HD Graphics 620,58075.2,other,i5,0,128
822,Lenovo,14.0,8,Intel HD Graphics 620,133146.72,ips,i7,0,512
823,MSI,15.6,8,Nvidia GeForce GTX 1050,63882.72,full hd,i5,0,256
824,Lenovo,14.0,8,Intel HD Graphics 620,99900.0,ips,i5,0,0
825,Toshiba,14.0,4,other,26586.72,other,other intel processor,0,128
826,Asus,13.3,8,Intel HD Graphics 620,72354.23999999999,full hd,i5,0,256
827,Dell,14.0,4,Intel HD Graphics 520,31168.8,other,i3,500,0
828,Acer,11.6,4,Intel HD Graphics 400,18914.4,ips,other intel processor,0,0
829,Acer,14.0,8,Intel HD Graphics 620,32980.32,ips,i3,0,128
830,Razer,17.3,32,other,292986.72,touch screen,i7,0,512
831,Lenovo,14.0,16,Intel HD Graphics 520,111834.72,ips,i7,0,512
832,Asus,15.6,4,other,27652.32,full hd,i5,1000,0
833,Lenovo,14.0,8,Intel HD Graphics 520,63190.08,full hd,i5,0,256
834,Lenovo,14.0,8,Intel HD Graphics 620,87912.0,ips,i5,0,256
835,Dell,15.6,16,Nvidia GeForce GTX 1070,147832.28639999998,full hd,i7,1000,256
836,Asus,17.3,16,Nvidia GeForce GTX 1070,128884.32,full hd,i7,1000,256
837,Toshiba,15.6,4,Intel HD Graphics 620,35644.32,other,i3,500,0
838,Lenovo,14.0,4,Intel HD Graphics 400,17316.0,other,other intel processor,0,0
839,Asus,15.6,8,Intel HD Graphics 620,31435.2,full hd,i5,128,0
840,Asus,17.3,16,Nvidia GeForce GTX 1060,95850.72,full hd,i7,1000,512
841,Dell,17.3,32,Nvidia GeForce GTX 1070,163723.57919999998,ips,i7,1000,512
842,HP,17.3,8,Nvidia GeForce 930MX,48484.8,other,i5,1000,0
843,Dell,15.6,8,Intel HD Graphics 620,38041.3872,other,i5,0,128
844,HP,14.0,8,Intel HD Graphics 520,99633.6,full hd,i7,0,512
845,Dell,15.6,4,other,39373.92,full hd,i7,0,256
846,HP,11.6,4,Intel HD Graphics 500,32767.2,touch screen,other intel processor,0,0
847,Asus,13.3,8,other,54665.28,ips,i5,0,512
848,HP,13.3,8,Intel HD Graphics 620,121318.56,full hd,i5,0,256
849,HP,14.0,8,Intel HD Graphics 520,78215.04,full hd,i7,0,512
850,HP,15.6,4,Intel HD Graphics 400,15930.72,other,other intel processor,0,128
851,Asus,15.6,16,Nvidia GeForce GTX 1060,101178.72,full hd,i7,1000,128
852,Dell,17.3,8,AMD Radeon R7 M445,46087.2,full hd,i7,1000,0
853,Lenovo,14.0,8,other,101391.84,ips,i7,0,256
854,Asus,15.6,8,other,41931.36,ips,i7,0,256
855,Dell,15.6,8,Intel HD Graphics 620,50349.6,full hd,i5,0,128
856,Asus,15.6,4,Intel HD Graphics 505,23922.72,other,other intel processor,1000,0
857,HP,13.3,8,Intel HD Graphics 620,136343.52,full hd,i7,0,256
858,Dell,13.3,8,Intel HD Graphics 520,34578.72,full hd,i5,1000,0
859,Lenovo,15.6,4,Intel HD Graphics 520,24988.32,full hd,i3,1000,0
860,Lenovo,15.6,8,Intel HD Graphics 620,45323.1648,ips,i5,1000,0
861,HP,15.6,8,other,71874.72,full hd,i5,0,256
862,Toshiba,13.3,4,Intel HD Graphics 620,68464.8,full hd,i5,0,128
863,Lenovo,15.6,8,Nvidia GeForce GTX 1050,54185.76,ips,i5,1000,0
864,Dell,13.3,16,other,119347.2,touch screen,i7,0,512
865,HP,15.6,4,Intel HD Graphics 520,48484.8,full hd,i5,500,0
866,Toshiba,13.3,8,Intel HD Graphics 520,58341.6,other,i5,0,256
867,Lenovo,13.3,8,Intel HD Graphics 620,103896.0,ips,i7,0,256
868,Acer,14.0,8,Intel HD Graphics 620,48058.56,ips,i5,0,256
869,Dell,15.6,8,other,94731.84,full hd,i7,1000,0
870,Lenovo,15.6,4,Intel HD Graphics 620,56210.4,other,i5,500,0
871,Lenovo,15.6,4,AMD Radeon R5 M430,25521.12,full hd,i3,1000,0
872,Toshiba,15.6,8,Intel HD Graphics 620,73952.64,ips,i7,0,256
873,Lenovo,13.3,4,Intel HD Graphics 620,39160.8,ips,i3,0,180
874,Samsung,15.0,16,Nvidia GeForce 940MX,98514.72,full hd,i7,0,256
875,Dell,12.5,8,Intel HD Graphics 620,90043.2,full hd,i7,0,256
876,Asus,15.6,4,Intel HD Graphics 505,21258.1872,other,other intel processor,1000,0
877,Xiaomi,13.3,8,Nvidia GeForce 940MX,49816.8,ips,i5,0,256
878,Dell,15.6,4,Nvidia GeForce 940MX,48618.0,full hd,i5,1000,128
879,HP,15.6,4,Intel HD Graphics 620,44701.92,full hd,i5,0,256
880,HP,13.3,4,Intel HD Graphics 620,90576.0,full hd,i5,0,256
881,HP,15.6,4,Intel HD Graphics 620,36486.14399999999,touch screen,i5,500,0
882,Asus,14.1,4,Intel HD Graphics 500,18541.44,other,other intel processor,0,0
883,Lenovo,15.6,8,Nvidia GeForce 940MX,35644.32,ips,i7,1000,0
884,Dell,15.6,4,Intel HD Graphics,19660.32,other,other intel processor,500,0
885,HP,13.3,4,Intel HD Graphics 620,95850.72,full hd,i5,0,256
886,Dell,15.6,4,other,24279.696,other,i3,1000,0
887,Asus,17.3,12,Nvidia GeForce GTX 1050,72988.272,full hd,i5,1000,128
888,Acer,11.6,4,Intel HD Graphics 400,15824.16,ips,other intel processor,0,0
889,Lenovo,17.3,4,other,20193.12,other,amd processor,500,0
890,HP,14.0,4,Intel HD Graphics 620,67399.2,full hd,i5,0,128
891,HP,13.3,16,Intel HD Graphics 620,74538.72,touch screen,i7,0,256
892,Samsung,15.0,8,Intel HD Graphics 620,90522.72,full hd,i7,0,256
893,Lenovo,14.0,8,Intel HD Graphics 620,95850.72,ips,i5,0,256
894,MSI,17.3,16,Nvidia GeForce GTX 1060,141138.72,ips,i7,2000,512
895,Toshiba,13.3,8,Intel HD Graphics 620,78588.0,full hd,i5,0,256
896,Dell,15.6,8,other,49497.12,full hd,i7,1000,0
897,HP,15.6,8,Nvidia GeForce 930MX,47952.0,full hd,i7,1000,0
898,Dell,15.6,4,other,32713.92,other,i3,1000,0
899,Dell,15.6,8,Intel HD Graphics 620,49816.8,full hd,i5,500,0
900,Dell,13.3,8,Intel HD Graphics 615,107257.968,touch screen,i7,0,512
901,Asus,17.3,32,other,68145.12,ips,i7,0,512
902,Dell,13.3,16,Intel HD Graphics 615,87858.72,full hd,i7,0,256
903,Lenovo,14.0,8,Intel HD Graphics 620,109170.72,ips,i7,0,0
904,Lenovo,15.6,8,Intel HD Graphics 620,104588.1072,ips,i5,0,512
905,LG,15.6,16,Intel HD Graphics 620,111834.72,ips,i7,0,512
906,HP,12.5,8,Intel HD Graphics 620,79014.23999999999,full hd,i7,0,512
907,Acer,15.6,4,Intel HD Graphics,19127.52,ips,other intel processor,0,0
908,Lenovo,15.6,8,Nvidia GeForce GTX 960M,42037.92,ips,i5,1000,128
909,LG,14.0,8,Intel HD Graphics 620,101178.72,ips,i7,0,512
910,Dell,14.0,8,Intel HD Graphics 620,64202.4,full hd,i5,0,256
911,HP,12.5,8,Intel HD Graphics 515,165168.0,touch screen,other intel processor,0,240
912,Lenovo,15.6,6,Nvidia GeForce 940MX,42037.92,full hd,i7,0,256
913,HP,15.6,8,Nvidia GeForce 930MX,54291.78719999999,full hd,i7,0,256
914,Acer,15.6,4,Intel HD Graphics 620,26586.72,full hd,i3,1000,0
915,Lenovo,13.3,4,Intel HD Graphics 620,46939.68,full hd,i5,0,128
916,HP,13.3,8,Intel HD Graphics 620,51148.8,full hd,i5,0,256
917,MSI,17.3,16,Nvidia GeForce GTX 1050 Ti,85194.72,full hd,i7,1000,256
918,Dell,15.6,16,Nvidia GeForce GTX 1050 Ti,71874.72,full hd,i7,1000,128
919,MSI,15.6,8,Nvidia GeForce GTX 1050,59668.804800000005,full hd,i5,1000,128
920,Dell,15.6,4,other,36496.2672,other,i5,1000,0
921,HP,15.6,8,other,69103.62719999999,full hd,i7,0,256
922,HP,13.3,8,Intel HD Graphics 620,61218.72,touch screen,i7,0,256
923,Toshiba,15.6,16,other,105228.0,ips,i7,0,256
924,Lenovo,13.3,8,Intel HD Graphics 620,97236.0,ips,i5,0,512
925,Dell,15.6,4,Intel HD Graphics 520,38889.072,other,i5,500,0
926,Lenovo,12.5,8,Intel HD Graphics 620,87912.0,ips,i7,0,256
927,HP,15.6,8,Intel HD Graphics 520,62071.2,full hd,i5,0,256
928,Dell,15.6,4,Intel HD Graphics 620,37725.4368,other,i5,1000,0
929,HP,14.0,4,Intel HD Graphics 520,61218.72,other,i5,500,0
930,Lenovo,15.6,4,Intel HD Graphics 505,16463.52,other,other intel processor,1000,0
931,HP,12.5,4,Intel HD Graphics 520,84129.12,full hd,i5,500,0
932,HP,15.6,4,Intel HD Graphics 400,15392.592,other,other intel processor,1000,0
933,Lenovo,13.3,16,other,95850.72,ips,i7,0,1000
934,Toshiba,14.0,4,Intel HD Graphics 520,58874.4,ips,i5,0,128
935,HP,12.5,8,Intel HD Graphics 520,88924.31999999999,full hd,i5,0,256
936,Dell,15.6,4,Intel HD Graphics 520,29762.208,other,i3,1000,0
937,MSI,15.6,8,Nvidia GeForce GTX 1050,63882.72,full hd,i7,1000,128
938,Dell,14.0,8,Intel HD Graphics 620,87325.92,full hd,i5,0,256
939,Dell,17.3,16,other,146946.24,other,i7,1000,512
940,HP,17.3,8,other,74538.72,ips,i5,1000,128
941,Asus,17.3,4,Nvidia GeForce 920MX,28238.4,other,other intel processor,1000,0
942,Acer,15.6,4,Intel HD Graphics 620,32980.32,other,i5,500,0
943,Toshiba,15.6,8,Intel HD Graphics 520,59620.32,other,i5,0,256
944,Lenovo,11.3,8,Intel HD Graphics 515,69210.72,ips,other intel processor,0,256
945,Lenovo,15.6,16,other,53226.72,ips,amd processor,1000,512
946,Dell,12.5,8,Intel HD Graphics,78438.816,full hd,i5,0,256
947,Lenovo,15.6,8,Nvidia GeForce 920MX,36496.8,full hd,i7,1000,0
948,Dell,17.3,4,AMD Radeon R7 M445,35111.52,other,i3,1000,0
949,Acer,14.0,4,Intel HD Graphics 400,18594.72,other,other intel processor,0,0
950,HP,15.6,8,other,119826.72,ips,i7,0,8
951,Dell,14.0,8,Intel HD Graphics 620,94572.0,full hd,i7,0,256
952,Toshiba,13.3,8,Intel HD Graphics 520,77788.8,full hd,i5,0,256
953,Asus,12.5,8,Intel HD Graphics 515,61751.52,full hd,other intel processor,0,0
954,Lenovo,14.0,8,Intel HD Graphics 520,79333.3872,ips,i7,0,256
955,Dell,17.3,16,Nvidia GeForce GTX 1070,168045.12,ips,i7,1000,512
956,Dell,13.3,8,Intel HD Graphics 615,101178.72,full hd,i5,0,256
957,HP,11.6,4,Intel HD Graphics 505,41292.0,touch screen,other intel processor,0,256
958,Dell,13.3,8,Intel HD Graphics 520,67559.04,other,i7,0,256
959,Acer,11.6,4,Intel HD Graphics 400,20725.92,ips,other intel processor,0,0
960,Toshiba,13.3,8,Intel HD Graphics 520,81784.8,full hd,i5,0,256
961,Lenovo,12.5,8,Intel HD Graphics 620,93772.8,ips,i5,0,256
962,Acer,15.6,12,other,53759.52,full hd,i5,1000,128
963,Toshiba,12.5,8,Intel HD Graphics 620,95371.2,full hd,i7,0,512
964,HP,15.6,8,Nvidia GeForce 930MX,45101.52,other,i5,1000,0
965,Dell,15.6,4,AMD Radeon R5 M430,24808.2336,other,i3,1000,0
966,Dell,15.6,4,Intel HD Graphics 620,43956.0,other,i5,500,0
967,HP,15.6,4,Intel HD Graphics 620,36496.8,full hd,i3,500,0
968,Dell,17.3,32,Nvidia GeForce GTX 1070,167778.72,ips,i7,1000,256
969,Lenovo,15.6,6,Nvidia GeForce 920MX,37029.6,full hd,i5,0,256
970,Dell,13.3,16,Intel HD Graphics 615,101178.72,touch screen,i7,0,512
971,Dell,14.0,8,Intel HD Graphics 520,104587.57439999998,touch screen,i7,0,256
972,Dell,17.3,32,Nvidia GeForce GTX 1070,149184.0,full hd,i7,1000,256
973,Toshiba,14.0,8,Intel HD Graphics 520,62870.4,full hd,i5,0,256
974,Asus,17.3,16,Nvidia GeForce GTX 1060,109218.672,full hd,i7,1000,256
975,HP,15.6,8,Nvidia GeForce 930MX,52161.12,ips,i5,1000,128
976,Lenovo,14.0,4,Intel HD Graphics 520,53386.56,other,i5,0,0
977,Asus,15.6,16,other,95850.72,touch screen,i7,2000,512
978,HP,15.6,6,Intel HD Graphics 620,30849.12,other,i7,1000,0
979,Asus,17.3,16,Nvidia GeForce GTX 1050 Ti,93186.72,full hd,i7,1000,256
980,Dell,15.6,12,Intel HD Graphics 620,69210.72,ips,i7,0,512
981,Toshiba,13.3,4,Intel HD Graphics 520,63669.6,full hd,i5,0,128
982,Lenovo,15.6,6,AMD Radeon 530,29250.72,full hd,amd processor,0,256
983,Fujitsu,15.6,4,Intel HD Graphics 520,34578.72,other,i5,0,256
984,Toshiba,14.0,4,Intel HD Graphics 520,48751.2,other,i5,500,0
985,Dell,15.6,4,AMD Radeon R5 M430,31914.72,other,i5,500,0
986,HP,15.6,8,Intel HD Graphics 620,42943.68,full hd,i5,1000,0
987,Lenovo,15.6,8,Nvidia GeForce GTX 1060,63349.92,ips,i7,1000,128
988,Dell,15.6,8,AMD Radeon R7 M445,39906.72,other,i7,1000,0
989,Dell,14.0,8,other,59620.32,full hd,i5,0,128
990,HP,12.5,8,Intel HD Graphics 515,101658.24,full hd,other intel processor,0,512
991,HP,15.6,4,AMD Radeon 520,26586.72,full hd,i3,1000,128
992,Lenovo,15.6,4,Intel HD Graphics 500,14418.6336,other,other intel processor,0,128
993,Lenovo,15.6,8,Intel HD Graphics 520,71874.72,full hd,i5,0,256
994,Dell,13.3,8,Intel HD Graphics 620,47365.92,full hd,i5,0,256
995,Asus,13.3,8,Intel HD Graphics 620,61272.0,other,i5,0,256
996,HP,13.3,8,Intel HD Graphics 620,71874.72,ips,i7,0,256
997,Acer,15.6,4,Intel HD Graphics 505,20246.4,other,other intel processor,500,0
998,Asus,15.6,16,Nvidia GeForce GTX 1050 Ti,95850.72,full hd,i7,1000,256
999,HP,14.0,8,Intel HD Graphics 620,111301.92,full hd,i7,0,512
1000,Acer,15.6,8,Nvidia GeForce GTX 1050,67132.8,ips,i7,1000,128
1001,HP,13.3,8,Intel HD Graphics 620,63349.92,ips,i5,0,256
1002,Dell,15.6,4,Intel HD Graphics 620,29144.16,other,i3,0,128
1003,HP,14.0,4,Intel HD Graphics 620,41505.12,other,i5,500,0
1004,Toshiba,13.3,4,Intel HD Graphics 520,63669.6,full hd,i5,0,128
1005,HP,14.0,4,Intel HD Graphics 520,58607.46719999999,other,i5,0,256
1006,HP,14.0,4,Intel HD Graphics 620,64202.4,full hd,i5,0,256
1007,HP,14.0,8,Intel HD Graphics 520,77202.72,full hd,i7,0,256
1008,HP,14.0,8,Nvidia GeForce 930MX,55904.5728,full hd,i5,0,256
1009,HP,14.0,4,Intel HD Graphics 620,36443.52,other,i3,500,0
1010,Dell,15.6,8,Nvidia GeForce GTX 1050,50562.72,full hd,i5,0,0
1011,HP,12.5,4,Intel HD Graphics 620,81997.92,full hd,i5,500,0
1012,HP,14.0,4,Intel HD Graphics 620,84715.2,full hd,i5,0,256
1013,HP,14.0,8,Intel HD Graphics 520,100550.5488,full hd,i7,0,256
1014,HP,13.3,4,Intel HD Graphics 620,42624.0,other,i3,500,0
1015,Toshiba,13.3,8,Intel HD Graphics 520,64468.8,other,i5,0,256
1016,HP,15.6,4,Intel HD Graphics 620,41025.0672,other,i3,0,256
1017,Lenovo,17.3,16,other,158135.04,ips,i7,0,512
1018,Toshiba,14.0,8,Intel HD Graphics 520,79387.2,ips,i5,0,256
1019,HP,14.0,8,Intel HD Graphics 520,118761.12,full hd,i7,0,256
1020,Dell,15.6,4,Intel HD Graphics 520,42410.3472,ips,i3,1000,0
1021,Toshiba,13.3,8,Intel HD Graphics 520,84715.2,full hd,i5,0,256
1022,HP,13.3,8,Intel HD Graphics 620,61218.72,ips,i5,0,256
1023,HP,14.0,8,Nvidia GeForce 930MX,63159.7104,full hd,i7,0,256
1024,Dell,15.6,8,Intel HD Graphics 520,55754.3232,full hd,i5,500,0
1025,HP,12.5,4,Intel HD Graphics 620,83063.52,other,i5,0,256
1026,HP,14.0,4,Intel HD Graphics 620,63349.92,other,i5,500,0
1027,HP,14.0,4,Intel HD Graphics 620,56476.8,other,i5,500,0
1028,Dell,13.3,8,Intel HD Graphics 620,86526.72,touch screen,i5,0,256
1029,HP,17.3,8,Nvidia GeForce 930MX,57542.4,full hd,i5,0,256
1030,HP,14.0,4,Intel HD Graphics 620,51841.44,other,i5,0,256
1031,Acer,15.6,6,AMD Radeon R5,21791.52,other,amd processor,1000,0
1032,MSI,17.3,8,Nvidia GeForce GTX 1050,63499.10399999999,full hd,i7,1000,128
1033,HP,14.0,8,Intel HD Graphics 520,63669.6,full hd,i5,0,256
1034,HP,15.6,8,Intel HD Graphics 520,65480.5872,full hd,i7,0,256
1035,HP,12.5,8,Intel HD Graphics 520,71874.72,full hd,i7,0,256
1036,HP,15.6,4,Intel HD Graphics 620,39533.76,other,i5,500,0
1037,Toshiba,14.0,8,Intel HD Graphics 520,91908.0,ips,i7,0,256
1038,Dell,15.6,8,Intel HD Graphics 520,56633.976,full hd,i5,0,256
1039,HP,14.0,8,Intel HD Graphics 620,53839.9728,full hd,i5,0,256
1040,Lenovo,15.6,4,Intel HD Graphics 520,45128.16,ips,i7,0,256
1041,Vero,14.0,2,Intel HD Graphics 400,11231.424,other,other intel processor,0,0
1042,Toshiba,15.6,16,other,75924.0,ips,i7,0,256
1043,Lenovo,15.6,8,Intel HD Graphics 520,55922.688,full hd,i5,0,256
1044,HP,14.0,4,Intel HD Graphics 520,53280.0,full hd,i5,500,0
1045,HP,15.6,8,Intel HD Graphics 520,112065.9552,full hd,i5,500,256
1046,HP,14.0,8,Intel HD Graphics 520,78268.31999999999,full hd,i5,0,256
1047,MSI,17.3,16,other,82351.6992,ips,i7,1000,256
1048,Lenovo,17.3,16,other,122010.66719999998,ips,i7,1000,128
1049,Asus,11.6,4,Intel HD Graphics 400,15339.311999999998,other,other intel processor,0,0
1050,Lenovo,14.0,16,Intel HD Graphics 520,139593.6,ips,i7,0,256
1051,HP,15.6,8,Nvidia GeForce 940MX,52161.12,ips,i7,1000,0
1052,Dell,15.6,8,Intel HD Graphics 620,58288.32,ips,i5,0,256
1053,HP,15.6,4,Intel HD Graphics 620,52161.12,other,i5,0,256
1054,Dell,13.3,16,Intel HD Graphics 620,120093.12,touch screen,i7,0,1000
1055,HP,15.6,4,Intel HD Graphics 520,37570.392,other,i3,500,0
1056,HP,15.6,4,Intel HD Graphics 620,26586.72,other,i5,500,0
1057,Acer,15.6,8,AMD Radeon R5,23922.72,other,amd processor,1000,0
1058,Dell,13.3,12,Intel HD Graphics 620,69210.72,ips,i7,0,256
1059,MSI,15.6,16,Nvidia GeForce GTX 1060,96916.32,full hd,i7,1000,256
1060,HP,15.6,8,Intel HD Graphics 620,57009.6,full hd,i7,0,256
1061,Asus,17.3,16,other,53173.44,ips,i7,1000,0
1062,Dell,15.6,4,Intel HD Graphics,29783.52,full hd,i5,1000,0
1063,Dell,15.6,16,AMD Radeon R7 M445,52746.6672,full hd,i7,2000,0
1064,MSI,15.6,16,Nvidia GeForce GTX 1060,102777.12,full hd,i7,1000,256
1065,Dell,13.3,8,Intel HD Graphics 620,77682.23999999999,full hd,i7,0,256
1066,Asus,17.3,64,other,211788.0,ips,i7,0,1000
1067,Dell,13.3,8,Intel HD Graphics 520,42517.9728,full hd,i7,0,256
1068,Dell,15.6,16,other,70809.12,other,i7,1000,256
1069,Apple,12.0,8,Intel HD Graphics 515,69264.0,ips,other intel processor,0,0
1070,Dell,15.6,4,Intel HD Graphics 520,25679.8944,other,i3,500,0
1071,HP,15.6,4,Intel HD Graphics 520,63882.72,other,i5,500,0
1072,HP,12.5,8,Intel HD Graphics 520,63882.72,full hd,i5,0,256
1073,HP,13.3,8,Intel HD Graphics 620,58075.2,full hd,i7,0,256
1074,Lenovo,12.5,8,Intel HD Graphics 520,91294.7472,ips,i7,0,256
1075,Lenovo,17.3,8,other,35111.52,other,i5,10000,0
1076,Lenovo,15.6,4,other,52054.56,ips,i5,1000,0
1077,MSI,17.3,16,Nvidia GeForce GTX 1070,133146.72,full hd,i7,1000,256
1078,Lenovo,15.6,4,Intel HD Graphics 520,28771.2,other,i5,500,0
1079,HP,15.6,4,Intel HD Graphics 520,50083.2,full hd,i5,500,0
1080,Lenovo,12.5,8,Intel HD Graphics 515,74538.72,ips,other intel processor,0,512
1081,Lenovo,17.3,32,other,172627.19999999998,ips,i7,0,512
1082,Lenovo,10.1,4,Intel HD Graphics 400,34433.2656,ips,other intel processor,0,0
1083,HP,13.3,16,Intel HD Graphics 620,109170.72,ips,i7,0,512
1084,Dell,15.6,8,Intel HD Graphics 620,39960.0,full hd,i5,0,256
1085,HP,14.0,4,Intel HD Graphics 520,54931.14719999999,full hd,i5,500,0
1086,HP,15.6,8,other,79653.59999999999,full hd,i7,0,256
1087,Lenovo,14.0,8,Intel HD Graphics 520,63882.72,full hd,i5,0,180
1088,HP,13.3,4,Intel HD Graphics 515,32767.2,other,other intel processor,0,0
1089,Acer,15.6,4,AMD Radeon R5,20619.36,other,amd processor,500,0
1090,Dell,15.6,4,Intel HD Graphics,20965.1472,other,other intel processor,500,0
1091,HP,15.6,4,Intel HD Graphics 520,18434.3472,other,i3,1000,0
1092,Asus,17.3,8,Nvidia GeForce GTX 1060,85194.72,ips,i7,1000,256
1093,Dell,13.3,4,AMD Radeon 530,43601.688,ips,i5,0,256
1094,HP,12.5,4,Intel HD Graphics 520,85194.72,other,i5,0,128
1095,Acer,15.6,8,other,42570.72,full hd,i5,1000,256
1096,Dell,15.6,8,AMD Radeon R7 M445,34035.264,full hd,i5,1000,0
1097,MSI,17.3,8,other,85194.72,full hd,i7,0,256
1098,HP,15.6,4,other,26640.0,other,other intel processor,1000,0
1099,Asus,17.3,16,other,122490.72,ips,i7,1000,128
1100,Dell,12.5,4,Intel HD Graphics 520,60480.792,other,i3,500,0
1101,Dell,12.5,4,Intel HD Graphics 520,62176.1616,other,i3,0,128
1102,Acer,15.6,4,Intel HD Graphics,11135.52,other,other intel processor,0,16
1103,HP,17.3,8,other,154458.72,ips,i7,1000,0
1104,Lenovo,15.6,16,Nvidia GeForce GTX 1050 Ti,63882.72,full hd,i7,0,512
1105,Dell,12.5,8,Intel HD Graphics 520,75289.968,other,i5,0,256
1106,MSI,17.3,8,Nvidia GeForce GTX 960M,80516.20319999999,full hd,i7,1000,128
1107,Lenovo,15.6,4,Intel HD Graphics 520,46193.76,ips,i5,0,256
1108,HP,15.6,4,other,21205.44,full hd,amd processor,1000,0
1109,Asus,15.6,16,Nvidia GeForce GTX 960M,71341.92,ips,i7,1000,128
1110,HP,13.3,8,Intel HD Graphics 515,90522.72,touch screen,other intel processor,0,256
1111,Dell,15.6,4,other,40980.312,other,i5,500,0
1112,Lenovo,15.6,4,Intel HD Graphics 520,22857.12,other,i3,0,128
1113,HP,13.3,8,Intel HD Graphics 520,104908.32,full hd,i7,0,512
1114,Lenovo,10.1,4,Intel HD Graphics 400,29250.72,ips,other intel processor,0,0
1115,Dell,13.3,8,other,73473.12,full hd,i7,0,256
1116,Lenovo,17.3,16,other,146519.46719999998,ips,i7,0,256
1117,Razer,12.5,8,Intel HD Graphics 520,54825.12,touch screen,i7,0,256
1118,Toshiba,13.3,16,Intel HD Graphics 620,118601.28,full hd,i7,0,512
1119,Asus,17.3,8,Nvidia GeForce GTX 960M,69929.4672,full hd,i7,1000,128
1120,Vero,13.3,4,Intel HD Graphics 400,10442.88,full hd,other intel processor,0,0
1121,HP,13.3,8,Intel HD Graphics 520,90043.2,full hd,i5,0,256
1122,HP,14.0,8,Intel HD Graphics 520,80612.64,full hd,i5,0,256
1123,Dell,15.6,4,Intel HD Graphics 520,27899.0064,other,i5,500,0
1124,Asus,15.6,4,Intel HD Graphics 620,23176.8,other,i3,1000,0
1125,Lenovo,14.0,8,Intel HD Graphics 520,88924.31999999999,ips,i7,0,256
1126,Lenovo,10.1,4,Intel HD Graphics 400,25521.12,ips,other intel processor,0,0
1127,HP,12.5,8,Intel HD Graphics 520,100965.6,other,i5,0,256
1128,Lenovo,15.6,8,Nvidia GeForce GTX 1060,52693.92,ips,i5,1000,128
1129,HP,17.3,8,Nvidia GeForce GTX 1060,60153.12,ips,i5,1000,128
1130,HP,15.6,8,Intel HD Graphics 620,33513.119999999995,other,i7,2000,0
1131,Lenovo,14.0,8,other,109244.2464,ips,i7,0,512
1132,Asus,14.0,4,Intel HD Graphics 500,14811.84,other,other intel processor,0,0
1133,HP,15.6,8,Intel HD Graphics 620,40066.56,full hd,i7,0,256
1134,Acer,15.6,4,Nvidia GeForce 940MX,32820.48,full hd,i5,1000,0
1135,Lenovo,15.6,16,other,58554.72,full hd,i7,0,0
1136,HP,17.3,8,other,210424.032,ips,i7,0,256
1137,Dell,15.6,8,AMD Radeon R7 M445,41771.52,other,i5,1000,0
1138,MSI,17.3,16,other,127818.72,full hd,i7,1000,256
1139,HP,15.6,8,Intel HD Graphics 520,115709.2416,full hd,i7,0,256
1140,Lenovo,14.0,16,Intel HD Graphics 520,130003.2,ips,i7,0,512
1141,MSI,15.6,8,Nvidia GeForce GTX 1050,60888.384,full hd,i7,1000,128
1142,HP,13.3,8,Intel HD Graphics 520,86793.12,full hd,i5,0,256
1143,HP,15.6,8,other,118761.12,ips,i7,0,256
1144,HP,13.3,8,Intel HD Graphics 520,95850.72,touch screen,i7,0,256
1145,HP,15.6,8,other,101178.72,full hd,i7,0,256
1146,HP,12.5,8,Intel HD Graphics 520,122381.49599999998,full hd,i7,0,256
1147,Dell,15.6,8,Nvidia GeForce 940MX,53807.472,full hd,i7,0,256
1148,HP,15.6,8,Intel HD Graphics 520,84129.12,full hd,i5,0,256
1149,Lenovo,14.0,8,Intel HD Graphics 520,124621.92,ips,i7,0,256
1150,Lenovo,15.6,4,Intel HD Graphics 520,18061.92,other,i3,1000,0
1151,HP,15.6,4,other,15824.16,other,amd processor,500,0
1152,Lenovo,15.6,8,other,31914.72,full hd,i5,1000,0
1153,Dell,15.6,8,other,63882.72,full hd,i7,1000,0
1154,Dell,15.6,8,other,119916.2304,ips,i5,0,256
1155,HP,15.6,4,AMD Radeon 520,25515.2592,full hd,amd processor,0,256
1156,MSI,17.3,16,Nvidia GeForce GTX 1050 Ti,79536.38399999999,full hd,i7,1000,256
1157,Lenovo,14.0,12,Intel HD Graphics 520,122490.72,full hd,i7,0,512
1158,Lenovo,15.6,8,other,42010.7472,full hd,i5,0,0
1159,HP,13.3,8,Intel HD Graphics 520,108744.48,touch screen,i7,0,512
1160,Lenovo,14.0,8,Intel HD Graphics 520,79866.72,full hd,i7,0,256
1161,MSI,14.0,16,other,94252.32,full hd,i7,1000,256
1162,HP,15.6,8,Nvidia GeForce GTX 1050,47898.72,ips,i7,1000,0
1163,Lenovo,15.6,8,Intel HD Graphics 520,24455.52,other,i3,1000,0
1164,HP,15.6,4,Intel HD Graphics 520,25414.0272,other,i5,500,0
1165,Dell,15.6,8,Nvidia GeForce GTX 1050 Ti,79813.44,other,i7,1000,128
1166,Lenovo,15.6,8,Intel HD Graphics 620,74059.2,ips,i5,0,256
1167,Lenovo,15.6,4,other,24935.04,full hd,i3,1000,0
1168,HP,14.0,2,Intel HD Graphics 400,13266.72,other,other intel processor,0,0
1169,MSI,15.6,8,Nvidia GeForce GTX 1050,44701.92,ips,i7,1000,0
1170,HP,15.6,8,Intel HD Graphics 520,36177.12,full hd,i7,0,256
1171,HP,15.6,16,Intel UHD Graphics 620,61751.52,full hd,i7,0,512
1172,Asus,15.6,4,Intel HD Graphics,19660.32,other,other intel processor,500,0
1173,Lenovo,15.6,4,Intel HD Graphics 520,21205.44,other,i5,500,0
1174,Lenovo,15.6,8,Nvidia GeForce 940MX,37775.52,full hd,i7,1000,0
1175,Asus,14.0,4,Intel HD Graphics 620,40972.32,full hd,i3,0,256
1176,Lenovo,15.6,4,Intel HD Graphics 520,43956.0,full hd,i7,0,0
1177,Lenovo,15.6,16,other,69530.4,ips,i7,0,512
1178,MSI,15.6,16,other,114731.5536,full hd,i7,1000,128
1179,HP,15.6,4,Intel HD Graphics 520,34632.0,other,i3,500,0
1180,Lenovo,14.0,8,Intel HD Graphics 520,87219.36,ips,i5,0,256
1181,Lenovo,15.6,6,other,44275.68,full hd,i7,0,256
1182,Dell,15.6,8,other,47686.1328,full hd,i7,0,256
1183,Acer,15.6,4,Intel HD Graphics 500,17742.239999999998,other,other intel processor,500,0
1184,HP,15.6,6,Nvidia GeForce GTX 960M,42570.72,ips,i7,1000,0
1185,Asus,15.6,8,Nvidia GeForce GTX 960M,48431.52,ips,i7,1000,256
1186,Dell,15.6,16,Intel HD Graphics 620,62817.12,full hd,i7,0,512
1187,Acer,15.6,4,Nvidia GeForce 940MX,36816.48,full hd,i5,0,256
1188,Dell,13.3,8,Intel HD Graphics 520,58554.72,touch screen,i5,0,256
1189,Acer,17.3,16,Nvidia GeForce GTX 1070,138474.72,ips,i7,1000,256
1190,Lenovo,15.6,8,Nvidia GeForce GTX 1050,43636.32,ips,i5,1000,0
1191,Samsung,12.3,4,other,35111.52,ips,Samsung Cortex A72&A53 2.0GHz,0,0
1192,HP,15.6,4,Intel HD Graphics 620,25840.8,other,i5,500,0
1193,Apple,12.0,8,other,61964.64,ips,other intel processor,0,0
1194,Dell,13.3,8,Intel HD Graphics 620,63882.72,ips,i5,0,256
1195,HP,15.6,12,Nvidia GeForce GTX 1050,70702.56,ips,i7,1000,128
1196,Lenovo,15.6,4,AMD Radeon R5 M430,19607.04,other,i3,1000,0
1197,Asus,17.3,16,other,114552.0,ips,i7,1000,512
1198,Acer,15.6,4,Intel HD Graphics 500,14492.16,other,other intel processor,1000,0
1199,MSI,17.3,16,Nvidia GeForce GTX 1060,109165.392,full hd,i7,1000,256
1200,Dell,15.6,4,other,26586.72,other,i3,0,128
1201,Lenovo,15.6,8,Nvidia GeForce 920MX,33513.119999999995,other,i7,500,0
1202,Dell,15.6,16,Intel UHD Graphics 620,68464.8,full hd,i7,0,512
1203,Dell,13.3,16,Intel HD Graphics 620,142790.4,touch screen,i7,0,512
1204,Asus,15.6,8,Nvidia GeForce GTX 1060,62284.32,full hd,i7,1000,0
1205,Dell,15.6,8,AMD Radeon R7 M445,47365.92,full hd,i5,0,256
1206,HP,15.6,8,Intel HD Graphics 620,30849.12,other,i5,0,256
1207,Lenovo,15.6,4,other,15930.72,other,amd processor,500,0
1208,Acer,17.3,8,Nvidia GeForce 940MX,33513.119999999995,other,i3,1000,0
1209,Asus,15.6,16,Nvidia GeForce GTX 1070,130482.72,full hd,i7,1000,256
1210,Apple,12.0,8,Intel HD Graphics 515,68145.12,ips,other intel processor,0,0
1211,Asus,15.6,16,Nvidia GeForce GTX 1060,93186.72,full hd,i7,1000,128
1212,MSI,17.3,16,Nvidia GeForce GTX 1060,103842.1872,ips,i7,1000,256
1213,Dell,15.6,8,Intel HD Graphics 620,53226.72,ips,i5,0,256
1214,Asus,17.3,16,Nvidia GeForce GTX 1060,103842.72,full hd,i7,1000,256
1215,Acer,11.6,2,Intel HD Graphics,9270.72,other,other intel processor,0,32
1216,Acer,17.3,4,Nvidia GeForce 940MX,31861.44,other,i3,1000,0
1217,Lenovo,17.3,8,Intel HD Graphics 620,28717.92,other,i5,1000,0
1218,Lenovo,15.6,8,other,67772.16,ips,i7,1000,128
1219,Acer,14.0,8,Intel HD Graphics 615,61218.72,ips,i7,0,256
1220,Lenovo,15.6,8,Intel HD Graphics 520,81465.12,ips,i7,0,256
1221,MSI,15.6,8,Nvidia GeForce GTX 1060,78647.1408,full hd,i7,1000,128
1222,HP,15.6,6,AMD Radeon 530,28185.12,full hd,amd processor,1000,0
1223,Dell,12.5,8,Intel HD Graphics 520,91288.3536,full hd,i5,0,256
1224,Dell,15.0,4,Intel HD Graphics 620,27119.52,full hd,i3,500,0
1225,Asus,15.6,4,other,16463.52,other,other intel processor,1000,0
1226,Dell,13.3,8,Intel HD Graphics 620,78694.56,touch screen,i7,0,256
1227,Dell,15.6,4,Intel HD Graphics 520,27804.7008,other,i5,1000,0
1228,Lenovo,15.6,16,Nvidia GeForce GTX 960M,54825.12,ips,i7,1000,128
1229,MSI,15.6,8,Nvidia GeForce GTX 1050,61218.72,full hd,i7,1000,128
1230,Lenovo,12.5,16,Intel HD Graphics 520,87912.0,ips,i7,0,512
1231,Razer,14.0,16,Nvidia GeForce GTX 1060,186426.72,full hd,i7,0,1000
1232,Dell,15.6,8,Intel HD Graphics 620,24988.8528,touch screen,i3,1000,0
1233,MSI,17.3,16,Nvidia GeForce GTX 1060,85141.44,full hd,i7,1000,256
1234,Apple,11.6,4,other,51095.52,other,i5,0,0
1235,HP,15.6,4,Intel HD Graphics 520,25467.84,full hd,i3,1000,0
1236,HP,14.0,8,Intel HD Graphics 520,117119.5632,other,i7,0,256
1237,Dell,15.6,4,Intel HD Graphics 520,39267.36,other,i5,500,0
1238,MSI,15.6,8,Nvidia GeForce GTX 960M,62284.32,full hd,i7,1000,128
1239,Lenovo,13.3,16,Intel HD Graphics 620,79866.72,ips,i7,0,512
1240,Lenovo,15.6,6,AMD Radeon 530,31838.5296,full hd,amd processor,0,256
1241,Asus,13.3,8,Intel HD Graphics 520,68198.4,full hd,i7,0,256
1242,Acer,15.6,4,Intel HD Graphics 520,19276.704,other,i3,500,0
1243,Dell,17.3,16,Nvidia GeForce 940MX,95850.72,full hd,i7,0,512
1244,HP,14.0,4,Intel HD Graphics 520,58607.46719999999,full hd,i5,0,256
1245,Asus,15.6,16,Nvidia GeForce GTX 1050 Ti,85248.0,ips,i7,1000,256
1246,Dell,14.0,4,Intel HD Graphics 620,46620.0,other,i5,500,0
1247,Asus,15.6,16,Nvidia GeForce GTX 1070,123876.0,ips,i7,1000,256
1248,Lenovo,15.6,8,Intel HD Graphics 620,30529.44,ips,i5,0,256
1249,Dell,13.3,8,Intel HD Graphics 615,96596.64,touch screen,i5,0,256
1250,Dell,15.6,4,Intel HD Graphics,17262.72,other,other intel processor,500,0
1251,HP,15.6,4,other,21258.72,other,amd processor,500,0
1252,Lenovo,15.6,6,Nvidia GeForce 920MX,30316.32,full hd,i3,0,128
1253,Lenovo,14.0,8,Intel HD Graphics 520,57116.16,ips,i5,0,256
1254,Dell,15.6,4,Intel HD Graphics,23655.7872,other,other intel processor,500,0
1255,Asus,15.6,4,Intel HD Graphics 500,18061.92,other,other intel processor,1000,0
1256,Asus,17.3,16,other,101232.0,ips,i7,1000,128
1257,Dell,15.6,4,Intel HD Graphics 520,26107.2,other,i3,500,0
1258,Lenovo,15.6,8,other,47685.6,full hd,i7,0,0
1259,MSI,15.6,8,Nvidia GeForce GTX 960M,65481.12,full hd,i7,1000,128
1260,Lenovo,14.0,4,Intel HD Graphics 520,44382.7728,full hd,i5,0,128
1261,Asus,13.3,8,Intel HD Graphics 515,38841.12,ips,other intel processor,0,512
1262,Dell,15.6,6,Intel HD Graphics 620,24455.52,other,i3,1000,0
1263,Acer,15.6,4,Intel HD Graphics 400,15397.92,other,other intel processor,500,0
1264,Dell,15.6,2,Intel HD Graphics,20193.12,other,other intel processor,500,0
1265,Lenovo,15.6,8,Nvidia GeForce GTX 960M,47898.72,ips,i7,1000,0
1266,HP,15.6,6,other,29303.4672,full hd,amd processor,0,0
1267,Dell,15.6,8,AMD Radeon R5 M430,42943.1472,other,i7,1000,0
1268,HP,11.6,2,Intel HD Graphics 400,11135.52,other,other intel processor,0,0
1269,Asus,15.6,4,other,38378.6496,other,i7,500,0
1270,Lenovo,14.0,4,Intel HD Graphics 520,33992.64,ips,i7,0,128
1271,Lenovo,13.3,16,Intel HD Graphics 520,79866.72,ips,i7,0,512
1272,Lenovo,14.0,2,Intel HD Graphics,12201.12,other,other intel processor,0,0
1273,HP,15.6,6,other,40705.92,other,i7,1000,0
1274,Asus,15.6,4,Intel HD Graphics,19660.32,other,other intel processor,500,0
1275,Asus,13.3,8,Intel HD Graphics 515,38841.12,ips,other intel processor,0,512
1276,Dell,15.6,6,Intel HD Graphics 620,24455.52,other,i3,1000,0
1277,Acer,15.6,4,Intel HD Graphics 400,15397.92,other,other intel processor,500,0
1278,Dell,15.6,2,Intel HD Graphics,20193.12,other,other intel processor,500,0
1279,Lenovo,15.6,8,Nvidia GeForce GTX 960M,47898.72,ips,i7,1000,0
1280,HP,15.6,6,other,29303.4672,full hd,amd processor,0,0
1281,Dell,15.6,8,AMD Radeon R5 M430,42943.1472,other,i7,1000,0
1282,HP,11.6,2,Intel HD Graphics 400,11135.52,other,other intel processor,0,0
1283,Asus,15.6,4,other,38378.6496,other,i7,500,0
1284,Lenovo,14.0,4,Intel HD Graphics 520,33992.64,ips,i7,0,128
1285,Lenovo,13.3,16,Intel HD Graphics 520,79866.72,ips,i7,0,512
1286,Lenovo,14.0,2,Intel HD Graphics,12201.12,other,other intel processor,0,0
1287,HP,15.6,6,other,40705.92,other,i7,1000,0
1288,Asus,15.6,4,Intel HD Graphics,19660.32,other,other intel processor,500,0
1289,Asus,13.3,8,Intel HD Graphics 515,38841.12,ips,other intel processor,0,512
1290,Dell,15.6,6,Intel HD Graphics 620,24455.52,other,i3,1000,0
1291,Acer,15.6,4,Intel HD Graphics 400,15397.92,other,other intel processor,500,0
1292,Dell,15.6,2,Intel HD Graphics,20193.12,other,other intel processor,500,0
1293,Lenovo,15.6,8,Nvidia GeForce GTX 960M,47898.72,ips,i7,1000,0
1294,HP,15.6,6,other,29303.4672,full hd,amd processor,0,0
1295,Dell,15.6,8,AMD Radeon R5 M430,42943.1472,other,i7,1000,0
1296,HP,11.6,2,Intel HD Graphics 400,11135.52,other,other intel processor,0,0
1297,Asus,15.6,4,other,38378.6496,other,i7,500,0
1298,Lenovo,14.0,4,Intel HD Graphics 520,33992.64,ips,i7,0,128
1299,Lenovo,13.3,16,Intel HD Graphics 520,79866.72,ips,i7,0,512
1300,Lenovo,14.0,2,Intel HD Graphics,12201.12,other,other intel processor,0,0
1301,HP,15.6,6,other,40705.92,other,i7,1000,0
1302,Asus,15.6,4,Intel HD Graphics,19660.32,other,other intel processor,500,0
